MOVIE, YEAR, MALE MENTIONS, FEMALE MENTIONS
Raabta (film),2017,72,80
Phoonk,2008,25,28
Ladies vs Ricky Bahl,2011,12,36
EMI - Liya Hai Toh Chukana Parega,2008,6,0
Mumbai Matinee,2003,16,1
Jyoti Bane Jwala,1980,7,8
Yeh Mohabbat Hai,2002,13,0
Jai Ho,2014,50,3
Piku,2015,51,24
Main Sunder Hoon,1971,55,28
Rehguzar,1985,16,1
Road  Movie,2010,12,1
Shuddh Desi Romance,2013,21,25
Sub Ka Saathi,1972,2,0
Yeh Teraa Ghar Yeh Meraa Ghar,2001,12,1
Hum To Mohabbat Karega,2000,3,4
Kal Ki Awaz,1992,12,0
Thakshak,1999,17,2
Aisa Yeh Jahaan,2015,6,2
Sadiyaan,2010,18,31
Dilwaala,1986,6,2
Humshakals,2014,28,25
Zamaane Ko Dikhana Hai,1981,40,5
Veerta,1991,58,7
Guest Iin London,2017,4,0
Silsila,1981,31,33
Saudagar (1991 film),1991,55,11
Aashayein,2010,52,18
Jaanam,1992,21,4
Ijaazat,1987,48,70
Patanga,1971,78,34
Salaam Bombay!,1988,71,5
Tujhe Meri Kasam,2003,43,84
Suhaag (1994 film),1994,45,7
Ab Tumhare Hawale Watan Saathiyo,2004,18,1
Gundaraj,1995,24,0
Baazi (1995 film),1995,34,0
Jaane Bhi Do Yaaro,1983,33,0
Bhagam Bhag,2006,115,75
Action Replayy,2010,58,37
Dilli Gang,2013,1,0
Sone Pe Suhaaga,1988,12,0
Bandhe Haath,1973,32,6
Hate Story,2012,60,55
Payback,2010,16,0
Khushi,2003,5,10
Aksar,2006,66,31
Jawab,1970,19,3
PK,2014,13,0
Nadiya Ke Paar,1982,5,11
Sharaabi,1984,15,1
Fever (2016 film),2016,22,27
Khoon Ka Rishta,1981,20,2
Mere Genie Uncle,2015,1,0
Break Ke Baad,2010,21,66
Mahaan,1983,21,12
Ek Chadar Maili Si,1986,8,5
Khamoshi: The Musical,1996,32,31
Kasak,1992,4,11
Ek Din 24 Ghante,2003,24,23
Hero,1983,36,10
Pyar Ki Kahani,1971,24,6
Anokha Rishta,1986,79,77
Red Swastik,2007,1,12
Boyss Toh Boyss Hain,2013,0,1
Netaji Subhas Chandra Bose: The Forgotten Hero,2005,52,0
Toofan Aur Bijlee,1975,6,19
Dharam Karam,1975,29,2
Sachaa Jhutha,1970,5,6
Mumbai Se Aaya Mera Dost,2003,13,4
Anokha Milan,1972,3,0
Bhookamp,1993,17,1
Sarfarosh (1999 film),1999,76,0
Andaaz,2003,54,72
Rishtey,2002,68,48
Loha (1987 film),1987,25,0
Elaan (2005 film),2005,124,16
Baton Baton Mein,1979,20,29
Izzatdaar,1990,14,0
Khakee,2004,136,10
Qila (film),1998,10,0
Satyamev Jayate,1987,18,7
Teri Meherbaniyan,1985,48,15
Ajooba,1991,29,12
Rakshak,1996,24,4
Chandra Mukhi,1993,1,3
Lagaan: Once Upon a Time in India,2001,59,27
The Hangman,2010,9,0
Bombay Velvet,2015,26,23
Koyelaanchal,2014,6,0
Mittal v/s Mittal,2010,0,30
Life Is Beautiful (2014 film),2014,11,2
The Naxalites,1980,3,0
Rajaji (film),1999,29,11
Ghayal Once Again,2016,74,9
Inaam Dus Hazaar,1987,49,12
Naiyya,1979,15,0
Fiza,2000,16,30
Judwaa,1997,71,12
Chal Pichchur Banate Hain,2012,2,9
Pardesi (1993 film),1993,3,0
Mallika,2010,0,0
Om Jai Jagadish,2002,25,15
War Chhod Na Yaar,2013,1,3
Soldier,1998,106,51
Tanu Weds Manu Returns,2015,83,78
Raincoat,2004,15,13
Amar Akbar Anthony,1977,73,70
Rang,1993,80,190
Ram Tere Kitne Nam,1985,8,0
Saala Khadoos,2016,58,51
Shaan,1980,87,6
Pyare Mohan,2006,46,1
Oh Darling! Yeh Hai India,1995,42,25
Karan Arjun,1995,134,46
Shaayad,1979,0,0
Boxer (1984 film),1984,17,2
Takkar,1980,19,1
Salaam Bacche,2006,15,7
Kismat Konnection,2008,32,14
Kyon Ki,2005,40,13
Ajanabee,1974,96,75
United Six (film),2011,0,6
Bin Phere Hum Tere,1979,10,25
Chamatkar,1992,130,15
Kuchh Meetha Ho Jaye,2005,7,0
Chor Machaaye Shor,2002,18,0
Andar Baahar,1984,41,1
Saanch Ko Aanch Nahin,1979,33,11
Holi,1984,4,0
Jagriti,1977,9,0
Mera Lahoo,1987,19,4
Badi Bahen,1993,10,28
Chala Mussaddi... Office Office,2011,35,0
Fanaa,2006,54,77
Dil Vil Pyar Vyar,2002,8,4
Dushman (1990 film),1990,3,0
Ek Vivaah... Aisa Bhi,2008,4,10
Aankhen (2002 film),2002,39,7
Insaf Ki Pukar,1987,43,20
Kali Ghata,1980,7,38
Kapoor & Sons,2016,65,23
Sanyasi,1975,0,1
Diksha,1991,4,1
Mard,1985,118,72
Taqdeerwala,1995,73,20
Aap Ka Suroor - The Real Love Story,2007,19,14
Sandwich (2006 film),2006,36,22
Kasme Vaade,1978,33,10
Meinu Ek Ladki Chaahiye,2014,12,1
Fight Club  Members Only,2006,31,6
Damaad,1978,16,3
Kyo Kii Main Jhuth Nahin Bolta,2001,16,1
Mardaani,2014,25,36
Sahebzaade,1992,12,20
36 Chowringhee Lane,1981,5,27
Dhaal,1997,13,0
Aetbaar (2004 film),2004,135,25
Moksha: Salvation,2001,10,10
Prem Geet,1981,0,3
Isi Life Mein,2010,45,38
Rann,2010,0,0
Uttar Dakshin,1987,13,2
Mughal-e-Azam,2004,36,34
Swami Dada,1982,5,1
Teesri Aankh: The Hidden Camera,2006,13,14
Tees Maar Khan,2010,35,6
Yatra,2007,5,4
Prem Yog,1994,25,5
Ek Khiladi Ek Haseena,2005,22,3
Commando,1988,2,0
Krishan Avtaar,1993,9,0
Alag Alag,1985,22,45
Tadipaar,1993,2,4
Saawariya,2007,73,50
Aparoopa,1982,0,1
Sohni Mahiwal,1984,9,0
Jai Chiranjeeva,2005,9,8
Badi Maa,1974,6,7
A Flat,2010,31,12
Ungli,2014,34,6
Veer-Zaara,2004,49,83
Joroo Ka Ghulam,1972,32,32
Umbartha,1982,2,39
Julie (2004 film),2004,9,13
Hawaizaada,2015,17,7
Aanchal (1980 film),1980,7,2
Gandhi  My Father,2007,30,12
Mohan Joshi Hazir Ho!,1984,4,1
Ram Jaane (1995 film),1995,106,8
Dushman Devta,1991,9,0
Race,2008,113,49
I Am,2011,21,1
Hum Tumhare Hain Sanam,2002,71,41
Chhoti Si Baat,1975,29,6
Saat Rang Ke Sapne,1997,20,6
Main Aisa Hi Hoon,2005,28,12
Pyaar Diwana Hota Hai,2002,15,0
Jaag Utha Insan,1984,21,10
Lakshya,2004,35,8
Raaz 3,2012,19,66
Heera Panna,1973,9,7
Thoda Pyaar Thoda Magic,2008,7,64
Charandas,1977,25,3
Fakira,1976,0,0
Chor Aur Chaand,1993,18,18
Prem Qaidi,1991,21,3
Bardaasht (2004 film),2004,27,2
Yeh Khula Aasmaan,2012,9,0
Cash,2007,115,45
Balidaan (1985 film),1985,25,9
Mr. X,2015,57,18
Paan Singh Tomar,2012,65,3
Once Upon a Time in Mumbaai,2010,131,4
Rajput,1982,153,60
Bhoot Returns,2012,10,4
Priyatama,1977,0,7
Andha Kanoon,1983,13,0
Bombay Boys (1998 film),1998,4,0
Moh Maya Money,2016,12,0
Chhalia,1973,17,8
Yash (1996 film),1996,35,3
Rahasya,2015,2,0
Aadharshila,1982,0,2
Katha,1983,21,0
Aisi Bhi Kya Jaldi Hai,1996,33,25
Abhimaan (1973 film),1973,12,9
Insaan,1982,21,5
Meera Ka Mohan,1992,24,25
Once Upon Ay Time In Mumbai Dobaara!,2013,215,28
Bumm Bumm Bole,2010,33,5
Baghban,2003,39,20
Ardh Satya,1983,95,9
Saas Bahu Aur Sensex,2008,7,8
Raqeeb,2007,24,13
Fiffty Fiffty,1981,24,5
Aaina,1977,12,17
Aap Ki Khatir (2006 film),2006,39,40
Hamare Tumhare,1979,4,3
Oye Lucky! Lucky Oye!,2008,13,3
Tere Mere Phere,2011,2,0
Chalo Dilli,2011,4,7
Peepli Live,2010,80,3
Aap Ki Kasam,1974,9,0
Main Khiladi Tu Anari,1994,33,41
Ghar Dwaar,1985,1,0
Heroine,2012,24,29
Asoka,2001,103,15
Halla Bol,2008,1,0
Mujhse Shaadi Karogi,2004,117,27
Mahaanta,1997,19,11
Dil Ka Rishta,2003,54,98
Hanuman Da' Damdaar,2017,8,4
U Me Aur Hum,2008,71,24
Joshila,1973,10,10
Geet (1992 film),1992,4,15
Tarang (film),1984,12,0
Talaash,2012,106,28
Laadla (film),1994,43,52
Deewaar (2004 film),2004,10,0
Kisna: The Warrior Poet,2005,11,27
Bheja Fry 2,2011,31,4
Masti,2004,7,10
Amrit (film),1986,30,23
Entertainment,2014,118,17
Action Jackson (2014 film),2014,43,19
Rush,2012,10,0
Anari,1975,18,0
Phir Wohi Raat,1980,9,5
Gomti Ke Kinare,1972,9,1
Maa (1992 Hindi film),1991,45,63
Rangoon (2017 film),2017,64,69
Badhaai Ho Badhaai,2002,6,3
Dangal (film),2016,29,54
Raaz (2002 film),2002,34,66
Mehndi Rang Layegi,1982,15,10
Nagina (1986 film),1986,24,13
Kachche Heere,1982,20,3
Isi Ka Naam Zindagi,1992,18,0
Bas Itna Sa Khwaab Hai,2001,9,22
Madhoshi,2004,27,20
Dhoom 2,2006,13,46
Tyaag,1977,74,68
Meri Aawaz Suno,1981,39,4
The Lunchbox,2013,32,35
Maazii,2013,9,0
Jay Vejay,1977,10,0
Hanste Zakhm,1973,29,46
Hatim Tai,1990,15,0
Pataal Bhairavi,1985,39,6
Mehbooba,1976,25,16
Kitaab,1977,0,11
Maidan-E-Jung,1995,0,0
Paar,1984,5,2
Alag,2006,19,5
Golmaal 3,2010,20,10
Bambai Ka Babu,1996,96,18
Saboot,1980,21,7
Ok Jaanu,2017,17,13
Raja Natwarlal,2014,30,13
Rocky  The Rebel,2006,43,5
Meenaxi: A Tale of Three Cities,2004,4,3
Raja Ki Aayegi Baraat,1996,42,57
Pankh,2010,6,6
Aahat,1974,3,1
Wafadaar,1985,3,0
Maya,2001,0,1
Force 2,2016,57,9
Mr. Natwarlal,1979,8,0
Chala Murari Hero Banne,1977,16,0
Daddy Cool,2009,29,1
Vachan,1974,13,19
Jal (film),2014,1,0
Gunda,1998,129,16
Khiladi 786,2012,58,13
1920 London,2016,66,29
Zulm Ki Hukumat,1992,15,0
Hatyara (1998 film),1998,10,0
Sun Sajna,1982,88,88
Suryavanshi (film),1992,44,36
Diljale,1996,177,37
Love and God,1986,34,24
Banarasi Babu,1973,13,5
Hello,2008,46,20
Aakhri Daao,1975,9,2
Ek Baar Kaho,1980,16,6
Sholay,1975,65,7
Hamara Dil Aapke Paas Hai,2000,21,29
Shaadi Karke Phas Gaya Yaar,2006,12,6
Aag Aur Shola,1986,30,6
Khoon Ka Karz,1991,16,7
Tarkieb,2000,7,9
7 Hours to Go,2016,12,0
Eena Meena Deeka,1994,27,0
Ankush,1986,0,4
Yeh Dillagi (1994 film),1994,15,39
Phool,1993,53,24
Aarop,1973,29,10
Ram Balram,1980,14,6
Dastaan (1972 film),1972,87,24
Lalkaar,1972,20,2
Ssukh,2005,12,0
Phir Teri Kahani Yaad Aayee,1993,10,20
God Tussi Great Ho,2008,43,7
Rakht: What If You Can See the Future,2004,20,38
Shatru,1986,34,0
Tehzeeb (2003 film),2003,8,59
Just Married,2007,20,29
Coffee with D,2017,40,0
Zamana Deewana,1995,4,2
Manthan,1976,24,10
Tell Me O Kkhuda,2011,5,26
Bas Ek Pal,2006,53,25
Shikari: The Hunter,1991,4,3
Fan (film),2016,104,3
Kill Dil,2014,50,11
Soch Lo,2010,21,0
Money Hai Toh Honey Hai,2008,7,1
Garv: Pride and Honour,2004,15,0
Striker,2010,23,0
Roop Tera Mastana,1972,11,5
Joru Ka Ghulam (2000 film),2000,17,0
Hum Dono,1985,2,0
Listen... Amaya,2013,0,5
Hameshaa,1997,94,55
Namak Haraam,1973,3,3
Damini  Lightning,1993,5,12
Dushman (1972 film),1972,44,29
Sulemani Keeda (film),2014,7,1
Avtaar,1983,81,31
Kalyug Aur Ramayan,1987,4,0
Vivah,2006,26,27
Love Story 2050,2008,17,11
Ram-Avtar,1988,26,7
Rani Aur Lalpari,1975,0,17
Loha (1997 film),1997,15,1
Khuda Gawah,1992,26,16
Mausam (2011 film),2011,10,0
Singh Is Bliing,2015,76,65
Kurbaan (1991 film),1991,61,3
Sankalp,1975,13,8
Mere Jeevan Saathi (2006 film),2006,54,41
Maya Darpan,1972,12,0
Pinjar,2003,40,51
Mere Apne,1971,0,8
Fareb (1996 film),1996,71,15
Pyar Hua Chori Chori,1992,4,0
Gumrah (1993 film),1993,24,17
Jaan-E-Mann,2006,0,2
Pyaasa,2002,8,5
Asmaan Se Ooncha,1989,17,14
Saagar,1985,8,3
Fool n Final,2007,8,0
Amar Deep,1979,30,7
Asli Naqli,1986,3,12
Dhuaan,1981,18,13
Bidaai,1974,12,13
Dil Chahta Hai,2001,46,57
Yaraana (1995 film),1995,26,31
Nishana,1980,19,14
Raftaar,1975,26,16
Swati (1986 film),1986,13,38
Luck,2009,83,26
Nakshatra,2010,3,0
Arpan,1983,28,49
Khamoshiyan: Silences Have Secrets,2015,31,57
Iqbal,2005,48,1
Ek Thi Daayan,2013,88,74
Bhoothnath Returns,2014,60,0
Ek Anek Aur Ekta,1974,0,2
Pran Jaye Par Shaan Na Jaye,2003,10,0
Lok Parlok,1979,15,2
Anand Ashram,1977,23,3
Yahaan,2005,6,2
Kurukshetra,2000,32,0
Appu Raja,1990,95,8
Family  Ties of Blood,2006,74,0
Pavitra Paapi,1970,21,26
Zameer,1975,23,9
Anand,1971,43,3
Department,2012,23,0
Vijeta,1982,0,0
Don 2: The Chase Continues,2011,34,0
Tumhare Liye,1978,8,13
Takkar (1995 film),1995,100,16
Summer 2007,2008,7,3
Hum Naujawan,1985,11,1
Sorry Daddy,2015,0,0
Sauda (film),1995,72,27
Sheesha,2005,0,0
Aanch,2003,6,9
Footpath,2003,21,4
Jhoothi,1985,4,4
Muskurahat (1992 film),1992,13,4
Befikre,2016,32,23
The Square Circle,1996,26,9
Mickey Virus,2013,25,0
Aandhi-Toofan,1985,0,0
Chor Machaye Shor,1974,3,19
Fugly,2014,27,6
Ishq Click,2016,0,1
Pyaar Ke Do Pal,1986,0,0
Agent Vinod (2012 film),2012,66,66
Sangharsh (1999 film),1999,9,26
Aisa Pyaar Kahan,1986,20,7
Qatl,1986,42,44
Aatish,1979,22,0
Chalk n Duster,2016,0,16
Shaapit,2010,44,7
Ranbhoomi,1991,14,0
Khuddar,1994,19,0
Bumper Draw,2015,1,0
Ek Ladka Ek Ladki,1992,32,13
Chalo Ishq Ladaaye,2002,41,9
Refugee (2000 film),2000,7,14
Khotey Sikkay,1974,25,1
We Are Family,2010,11,70
Ek Se Bure Do,2009,14,0
Mr Ya Miss,2005,0,1
Raavan,2010,59,78
Aakrosh,1980,5,2
Daku Hasina,1987,2,5
Main  Meri Patni Aur Woh,2005,16,0
Khoon Pasina,1977,12,2
Maya Bazaar,1984,19,0
Hum Tum Shabana,2011,0,0
Vaada Raha,2009,8,0
Aashiq Awara,1993,10,4
Traffic (2016 film),2016,16,2
Sarbjit (film),2016,38,10
Kissi Se Na Kehna,1983,9,3
Happy New Year (2014 film),2014,78,39
Ramaa: The Saviour,2010,8,0
Shart: The Challenge,2004,32,30
Gumnaam  The Mystery,2008,12,31
Ek Hi Bhool,1981,14,11
Har Dil Jo Pyar Karega,2000,15,17
Shaadi No. 1,2005,13,11
Fly Away Solo,2015,23,64
Gangster,2006,121,67
Dharti,1970,13,1
Bhumika,1977,20,18
Saaz (1998 film),1998,1,0
Saajan Chale Sasural,1996,0,8
Chameli Ki Shaadi,1986,13,2
Ghatak,1996,67,4
Kati Patang,1970,24,66
Saajan,1991,41,9
Deewana Mastana,1997,26,7
Jo Jeeta Wohi Sikandar,1992,128,19
Insaniyat Ke Devta,1993,11,3
Aamdani Atthani Kharcha Rupaiyaa,2001,2,5
Call Girl,1974,1,30
Bewaffa Se Waffa,1992,3,2
Maha Chor,1976,73,21
Naam O Nishan,1987,25,14
Abhinetri,1970,0,9
Sehar,2005,15,0
Woh Lamhe,2006,7,14
Ramaiya Vastavaiya,2013,57,32
Chaar Sahibzaade,2014,22,0
Dil Ki Baazi,1993,46,5
Heropanti,2014,99,72
Ham Sab Chor Hain (1995 film),1995,17,0
Khelein Hum Jee Jaan Sey,2010,22,24
Lahu Ke Do Rang (1997 film),1997,6,0
Kites,2010,46,15
Ab Tak Chhappan 2,2015,84,4
Khiladi,1992,0,0
Hey Ram,2000,4,0
Karma (1986 film),1986,107,0
Calcutta Mail,2003,28,0
Hare Rama Hare Krishna,1971,47,32
Sharara,1984,0,1
Lorie,1984,1,10
Drishti,1990,7,9
Bezubaan Ishq,2015,12,14
Hum Aapke Hain Koun..!,1994,19,41
Halo,1996,0,2
Do Lafzon Ki Kahani (film),2016,52,30
Kaalia (1997 film),1997,10,1
Doli Saja Ke Rakhna,1998,8,1
Ekka Raja Rani,1994,5,12
Tahkhana,1986,0,0
Ab Insaf Hoga,1995,0,1
Maharathi,2008,50,13
Aazmayish,1995,17,0
Satrangee Parachute,2011,7,0
Click,2010,54,47
Dance Dance (film),1987,21,16
Qayamat Se Qayamat Tak,1988,67,16
Suno Sasurjee,2004,13,3
C.I.D.,1990,12,1
Badmaash Company,2010,64,7
The Namesake,2007,53,20
Parinda,1989,55,0
Jhankaar Beats,2003,14,8
Ek Nari Ek Brahmachari,1971,16,9
Kaminey,2009,94,46
Manzil,1979,8,7
Acid Factory,2009,4,0
Pyaar Ishq Aur Mohabbat,2001,101,72
Brothers (2015 film),2015,126,18
Baby,2015,50,7
Bemisal,1982,19,0
Bhaag Milkha Bhaag,2013,29,1
Salaakhen,1975,8,6
Bajirao Mastani,2015,82,72
Aaja Sanam,1975,5,6
Hum Saath-Saath Hain: We Stand United,1999,116,77
Dattak,2001,23,1
Jaane Tu... Ya Jaane Na,2008,77,66
Prague,2013,5,2
Sitara,1980,4,2
Baaz: A Bird in Danger,2003,3,6
Aparichit,2006,32,12
Honeymoon,1973,0,5
Ahista Ahista,2006,47,38
Haasil,2003,22,3
Anita and Me,2002,0,10
Papeeha,1993,17,0
Dharmatma,1975,154,74
Satya 2,2013,0,1
Henna,1991,27,20
Luv Ka The End,2011,21,54
Nil Battey Sannata,2016,1,26
Angry Indian Goddesses,2015,0,23
Black,2005,6,123
Chhota Bheem And The Throne of Bali,2013,17,5
Andaz (1994 film),1994,6,11
Apartment,2010,5,20
Shirin Farhad Ki Toh Nikal Padi,2012,15,13
Avishkaar,1973,0,0
Raju Chacha,2000,52,13
Mohra (1994 film),1994,100,6
Gour Hari Dastaan,2015,7,0
The Killer,2006,84,14
Jhanjhaar,1987,3,0
Dulhan Wahi Jo Piya Man Bhaaye,1977,0,7
Benaam,1974,12,1
Ek Tha Raja,1996,12,3
Dostana (2008 film),2008,61,52
Lekar Hum Deewana Dil,2014,11,7
Rangeela (1995 film),1995,23,13
Swades,2004,45,16
Speedy Singhs,2011,65,3
Shiv Ram,1991,3,0
John Jani Janardhan,1984,5,0
Blackmail,2005,35,0
Policegiri,2013,64,0
Victoria No. 203 (2007 film),2007,5,2
2001: Do Hazaar Ek,1998,19,0
Chaahat  Ek Nasha,2005,19,31
Well Done Abba,2010,39,20
Mann,1999,30,41
Arjun: The Warrior Prince,2012,6,5
Aatank,1996,2,2
Deewana,1992,66,40
Main Prem Ki Diwani Hoon,2003,26,35
Janbaaz,1986,33,16
Guru,2003,1,0
Plan,2004,44,33
Shaheed Uddham Singh (2000 film),2000,27,0
No Entry,2005,10,8
Dayavan,1988,22,0
What the Fish,2013,0,23
Kotwal Saab,1977,91,29
New York,2009,81,13
Billu,2009,61,0
Hum Tum Aur Ghost,2010,22,10
Mission Kashmir (2000 film),2000,150,13
Main Balwan,1986,8,8
B.A. Pass,2013,12,16
Chatur Singh Two Star,2011,1,0
Waisa Bhi Hota Hai Part II,2003,19,2
Jaan Hatheli Pe,1987,17,0
Adhikar (1986 film),1986,16,7
Nakhuda,1981,27,4
Earth (1998 film),1998,2,2
Ek Ruka Hua Faisla,1986,12,0
Toofan,1989,131,0
Let's Dance,2009,0,1
Naache Mayuri,1986,0,1
Aa Gaya Hero,2017,6,0
Hindustan Ki Kasam (1999 film),1999,64,15
Roy,2015,38,20
Majhdhaar,1996,51,25
Is Raat Ki Subah Nahin,1996,5,0
Pehchaan: The Face of Truth,2005,5,26
Dushman,1971,44,29
Maine Dil Tujhko Diya,2002,43,23
Satte Pe Satta,1982,11,4
Arjun,1985,75,0
Kaun Hai Jo Sapno Mein Aaya,2004,5,2
Krishna,1996,121,16
Sher-E-Hindustan,1997,4,0
Sankat City,2009,4,0
Ek Se Bhale Do,1985,15,0
Dil Tera Aashiq,1993,17,2
Tamasha,2015,67,21
Judaai (1997 film),1997,81,107
David,2013,65,0
Dil Ka Kya Kasoor,1992,25,25
Baaghi: A Rebel for Love,1990,40,35
Nanhe Jaisalmer,2007,35,0
Don: The Chase Begins Again,2006,102,8
Antarmahal,2005,0,0
Viruddh... Family Comes First,2005,55,11
Chakra,1980,19,16
Aakrosh (1998 film),1998,12,2
Waaris,1988,22,1
Hum Se Hai Zamana,1983,9,6
Janata Havaldar,1979,1,0
Mother,1999,0,11
Mumbai Salsa,2007,12,20
Machhli Jal Ki Rani Hai,2014,32,26
Raasaiyya,1995,14,4
Zindagi Na Milegi Dobara,2011,87,26
Hum Kisi Se Kum Nahin,1977,17,0
Kidnap,2008,122,48
Satyam Shivam Sundaram,1978,40,20
Island City (2015 film),2016,5,0
Motu Patlu: King Of Kings,2016,19,1
Zakhm,1998,20,8
Bekhudi,1992,0,6
John Day,2013,60,6
Dharm,2007,10,2
Mahakaal,1993,0,16
Military Raaj,1998,3,0
Raanjhanaa,2013,85,53
Shorgul,2016,0,1
Hulchul (2004 film),2004,67,30
Akira (2016 Hindi film),2016,5,78
Anamika,1973,21,18
Mohenjo Daro (film),2016,1,0
Aakhri Adaalat,1988,15,3
Karobaar: The Business of Love,2000,13,0
Surakshaa (1995 film),1995,32,15
Ekkees Toppon Ki Salaami,2014,5,0
Pazhassi Raja (2013 film),2013,108,4
Ghar Sansar,1986,32,6
Dhokha,2007,33,14
Jungle,2000,18,14
Aloo Chaat,2009,18,8
Kranti (1981 film),1981,10,0
Bandhan Kuchchey Dhaagon Ka,1983,0,23
Ustadon Ke Ustad,1998,1,0
Ziddi,1997,76,8
Kal Kissne Dekha,2009,20,0
Trapped (2016 Indian film),2017,11,25
Kash Aap Hamare Hote,2003,44,18
Kalyug Ke Avtaar,1995,7,5
Dilwale (2015 film),2015,143,70
Inquilaab,1984,17,4
Waqt Ki Awaz,1988,21,1
Koyla,1997,121,64
Paandav,1995,10,0
Khiladi 420,2000,98,26
Roohi,1981,15,0
Sanshodhan,1996,5,1
Fateh,1991,15,0
Dil Aashna Hai,1992,21,44
Tezaab,1988,125,19
Maya Memsaab,1993,13,12
Trimurti,1995,58,6
Heyy Babyy,2007,53,32
Aar Ya Paar,1997,23,1
Tum Mile,2009,25,16
Veerappan (2016 film),2016,20,0
Itihaas (film),1997,22,6
The Shaukeens,2014,43,23
Chori Chori Chupke Chupke,2001,22,44
It's a Wonderful Afterlife,2010,0,24
Jumbo,2008,65,4
Do Jasoos,1975,1,0
Mazloom,1986,1,9
Dahshat,1981,2,1
Khuda Kasam,2010,2,3
Yeshwant,1997,25,20
The Dirty Picture,2011,50,56
Numbri Aadmi,1991,0,0
Roja,1992,40,23
Silsiilay,2005,1,5
Beta,1992,60,73
Batwara,1989,71,11
Umrao Jaan,1981,8,22
Kucch To Hai,2003,67,25
Monica,2011,0,1
Rabba Main Kya Karoon,2013,11,0
Delhii Heights,2007,4,0
Ragini MMS 2,2014,60,26
Kahaani 2: Durga Rani Singh,2016,24,71
My Friend Pinto,2011,30,111
Mumbhai Connection,2014,0,0
Tohfa,1984,15,29
Jalpari: The Desert Mermaid,2012,2,13
Jugni (2016 film),2016,1,0
Besharam,1978,20,0
Kushti,2010,9,1
Neal 'n' Nikki,2005,20,18
Rock Dancer,1995,0,1
Akaash Vani,2013,34,68
Salaam Memsaab,1979,4,2
Aitbaar,1985,20,14
Naya Kadam,1984,81,39
Mere Baap Pehle Aap,2008,42,12
Aashiq Hoon Baharon Ka,1977,36,15
The Don (1995 film),1995,6,0
Raja Babu,1994,6,11
Tevar,2015,77,35
Paap Ko Jalaa Kar Raakh Kar Doonga,1988,18,3
Coolie No. 1,1995,13,0
Mumbai Delhi Mumbai,2014,1,10
Humpty Sharma Ki Dulhania,2014,45,61
Godam,1983,4,0
Hasee Toh Phasee,2014,37,55
Jai Kaali,1992,4,12
Boom,2003,0,7
Ek Baar Chale Aao,1983,24,5
The Pink Mirror,2003,9,0
Shaurya,2008,8,2
Mai...,2013,4,15
Speed (2007 film),2007,66,8
Chota Jadugar,2003,27,1
Chittagong (film),2012,44,1
Zakhmo Ka Hisaab,1993,17,2
Sanam,1997,30,1
Banarasi Babu (1997 film),1997,22,29
Bulandi (2000 film),2000,11,9
Khauff,2000,0,6
Thodasa Roomani Ho Jaayen,1990,0,9
Khudgarz,1987,93,7
Rihaee,1988,16,4
Khel (1992 film),1992,13,33
Shootout at Lokhandwala,2007,47,19
Baat Ban Gayi,2013,2,1
Sanam Tere Hain Hum,1992,4,19
Mr. and Mrs. Khiladi,1997,13,0
88 Antop Hill,2003,104,58
Farz (2001 film),2001,17,1
Prem Bandhan,1979,9,13
Jahan Jaaeyega Hamen Paaeyega,2007,0,3
Beqasoor,1980,2,2
Loafer,1973,15,6
Lootere,1993,4,0
Kunwara,2000,6,11
Super Model,2013,0,1
Devi Aur Durga,1992,0,1
Tamacha,1988,5,3
Jeans (1998 film),1998,63,28
Jeevan Mrityu,1970,15,5
Eight: The Power of Shani,2006,18,0
Khud-daar,1982,50,4
Taqdeer Ka Tamasha,1990,5,1
Te3n,2016,104,1
Chehraa,1999,0,15
Woodstock Villa,2008,34,24
Delhi Belly,2011,99,22
Gehri Chot: Urf - Door-Desh,1983,32,36
Chocolate,2005,2,2
Shankar Hussain,1977,15,6
Khatta Meetha,1978,7,0
Hathyar,2002,51,15
Ship of Theseus,2013,12,0
Deewangee,2002,23,3
Dushman (1998 film),1998,26,38
Jeevan Ek Sanghursh,1990,8,5
Karmayogi,1978,28,18
Shagird,2011,113,0
Amaanat,1977,17,2
Salaakhen (1998 film),1998,31,1
Zanjeer (2013 film),2013,131,22
Calapor,2013,1,2
Nayak: The Real Hero,2001,13,0
Ready,2011,72,22
Aazaan,2011,20,2
Aandhi,1975,0,5
Humko Tumse Pyaar Hai,2006,51,41
Maharaja (1998 film),1998,16,0
Bichhoo (2000 film),2000,20,21
Kalyug (2005 film),2005,66,29
Sholay 3D,2014,0,0
Corporate,2006,8,0
Baat Ban Jaye,1986,1,3
Mujhe Kucch Kehna Hai,2001,28,18
Dear Zindagi,2016,5,39
Zinda Dil,1975,23,5
Rock On!!,2008,32,20
The Hero: Love Story of a Spy,2003,39,18
Kamagni,1987,0,0
Qahar,1997,7,0
Rudaali,1993,8,43
Haramkhor,2017,32,39
Final Solution (2003 film),2003,0,0
Shanakht,1989,0,0
Phantom,2015,8,12
Sanam Teri Kasam (2009 film),2009,16,15
Achanak,1973,15,0
Coolie No. 1 (Hindi film),1995,13,0
Jo Hum Chahein,2011,49,37
Dulhan Hum Le Jayenge,2000,5,16
Tahalka,1992,81,9
Jeet (1996 film),1996,14,6
Guzaarish,2010,52,6
Eklavya: The Royal Guard,2007,59,10
Vaada,2005,172,0
Abhinay Chakra,2014,6,0
Chingaari,2006,19,23
Shootout at Wadala,2013,62,2
C Kkompany,2008,36,0
Baadal,1985,0,1
Munna Michael,2017,1,0
The Film Emotional Atyachar,2010,3,0
Meri Biwi Ki Shaadi,1979,2,3
Lootera,2013,28,16
Iqraar By Chance,2006,4,16
Mangal Pandey: The Rising,2005,28,0
Yeh Mera India,2009,10,17
Umrika,2016,1,12
Raampur Ka Lakshman,1972,32,0
International Crook,1974,0,0
Shakka,1981,0,10
Dostana,1980,28,0
Jai Santoshi Maa,1975,5,34
Hathkadi,1995,41,10
Aunty No. 1,1998,7,4
Phata Poster Nikla Hero,2013,53,19
Meri Jung,1985,86,32
Tirangaa,1992,54,0
Memories in March,2011,9,0
Aa Ab Laut Chalen,1999,226,61
Maximum,2012,56,5
Suhaagan,1986,18,17
Zalzala (1988 film),1988,22,0
Desh Premee (1982 film),1982,18,5
Zulmi,1999,19,1
Traffic Signal,2007,17,1
Aaj (1987 film),1987,14,11
Kahani Kismat Ki,1973,5,2
Pestonjee,1988,30,11
The Xpose,2014,15,20
Sapnay,1997,30,36
Aan Milo Sajna,1970,13,17
Kuch Khatti Kuch Meethi,2001,2,61
Akele Hum Akele Tum,1995,35,27
Apradhi Kaun,2000,4,0
Himmatwala (2013 film),2013,44,78
Ankur,1974,32,42
Crazy Cukkad Family,2015,1,2
Nishana (1995 film),1995,0,0
My Brother...Nikhil,2005,38,8
Shakalaka Boom Boom,2007,45,14
Rishta To Ho Aisa,1992,26,17
Kuch Naa Kaho,2003,16,66
Jalwa,1987,8,0
Lakeer - Forbidden Lines,2004,136,0
Aastha: In the Prison of Spring,1997,3,4
Mumbai Xpress,2005,15,0
Teri Bahon Mein,1984,3,0
Deedar,1992,5,7
Basti,2003,74,3
Nauker,1979,29,7
Disco Dancer,1982,12,0
Auzaar,1997,29,0
Mr. Singh / Mrs. Mehta,2010,30,37
Anwar,2007,0,18
Kartoos,1999,17,2
Mujhse Dosti Karoge!,2002,50,60
Patton Ki Bazi,1986,3,0
Sindoor,1987,57,145
Dharm Adhikari,1986,23,11
Zara Si Zindagi,1983,82,26
Jeeo Shaan Se,1997,16,0
Kaalo,2010,10,9
Hanste Khelte,1994,5,0
Hai Apna Dil Toh Awara,2016,10,1
Khandhar,1984,1,6
Sheahnaag,1990,25,8
Bullett Raja,2013,75,4
Aisha,2010,19,71
Kaho Naa... Pyaar Hai,2000,71,41
Keemat (film),1973,11,12
Sarhad Paar,2007,57,5
Bunty Aur Babli,2005,10,38
Pyari Behna,1985,8,7
Lal Patthar,1971,7,5
Yun Hota Toh Kya Hota,2006,11,7
Saazish,1975,9,0
Bareilly Ki Barfi,2017,2,1
Bhopal: A Prayer for Rain,2014,64,2
Dil Ka Doctor,1995,0,0
Aatank Hi Aatank,1995,27,9
Baaghi,2000,23,0
Noorie,1979,17,19
The Ghazi Attack (film),2017,63,0
Jeet Hamaari,1983,14,0
Amit Sahni Ki List,2014,0,3
Khel (2003 film),2003,6,5
Mast (film),1999,43,25
Lingaa,2014,109,8
Margarita with a Straw,2015,1,69
Yaara Silly Silly,2015,9,22
Umrao Jaan (2006 film),2006,20,74
Hogi Pyaar Ki Jeet,1999,13,16
Mrityudata,1997,112,10
Ek Ghar,1991,4,3
Freaky Ali,2016,101,11
Dum Maaro Dum,2011,47,60
Aa Dekhen Zara,2009,16,0
Pyaar Ke Side Effects,2006,20,20
Caravan,1971,5,19
Albela (1971 film),1971,10,1
Zubeidaa (2001 film),2001,29,27
Kalabaaz,1977,6,8
Chor Police,1983,4,0
Yateem,1988,4,6
Kal Ho Naa Ho,2003,39,88
Lootmaar,1980,7,0
Tum Bin 2,2016,106,65
Armaan,2003,24,19
Mumbai Mast Kallander,2011,0,0
Khichdi: The Movie,2010,20,8
Dil Kya Kare,1999,24,54
Dhund,1973,76,59
Anjaam,2007,73,69
What's Your Raashee?,2009,131,33
Matrubhoomi: A Nation Without Women,2003,12,11
Prem Kahani,1975,21,0
Golmaal: Fun Unlimited,2006,56,15
Soch,2002,0,8
Muqabla,1993,10,4
Shaitani Ilaaka,1990,35,68
Qurbani,1980,11,7
Chambal Ki Kasam,1980,4,0
Mohabbat,1985,21,8
Pratibandh,1990,16,2
Waarrior Savitri,2016,1,2
Bhagwaan Dada,1986,190,40
Vinashak - Destroyer,1998,96,0
Thalapathi,1991,80,32
Dhanwan (1981 film),1981,26,7
Saaransh,1984,22,83
Sainik,1993,9,0
Hawas,1974,9,7
Hum Kisise Kum Nahin,2002,42,6
Goonj (1974 film),1974,63,67
Prateeksha,1993,14,12
Goliyon Ki Rasleela Ram-Leela,2013,28,35
Anokha Bandhan,1982,1,27
Aakhir Kyon?,1985,20,61
Agar Tum Na Hote,1983,31,43
Trishakti,1999,26,0
Qissa,2015,90,108
Vishwatma (1992 film),1992,74,0
Chillar Party,2011,7,0
Boss (2013 Hindi film),2013,89,30
Bobby (1973 film),1973,53,8
Love Love Love (1989 film),1989,64,20
Ginny Aur Johnny,1976,9,8
Sultan (2016 film),2016,50,9
Aap Ki Khatir,1977,6,1
Aurangzeb,2013,182,30
Tahaan,2008,16,0
My Name Is Khan,2010,57,14
Hum,1991,60,17
Taarzan: The Wonder Car,2004,59,22
Amar Prem,1971,80,39
Genesis (1986 film),1986,0,2
Faraar,1975,12,4
Mirch,2010,150,56
Bhram,2007,0,4
Housefull,2010,75,51
Dosti: Friends Forever,2005,34,5
Aashiqui,1990,49,43
Love 86,1986,0,6
Majboor,1974,21,1
Daata,1989,18,5
Uphaar,1971,0,89
Zanjeer,1973,95,26
Kadambari,1976,8,7
Kagaar: Life on the Edge,2003,0,2
Ek Duuje Ke Liye,1981,19,17
Kasum Khoon Ki,1977,30,4
Samay: When Time Strikes,2003,34,50
Kathputli,1971,7,6
Welcome,2007,40,24
Aadmi,1993,15,1
Quick Gun Murugun,2009,10,11
One Night Stand (2016 film),2016,54,38
Chal Chala Chal,2009,14,0
Bade Dilwala,1999,14,2
Khap,2011,2,19
Chokher Bali,2003,19,14
Abhay,2001,122,29
Anuraag (1972 film),1972,9,8
Bombay to Bangkok,2008,8,5
De Taali,2008,46,7
Inkaar,1977,23,2
Popcorn Khao! Mast Ho Jao,2004,10,6
Ajnabee,2001,63,27
Dharm Aur Qanoon,1984,93,5
Pakeezah (1972 film),1972,12,51
Ek Rishtaa: The Bond of Love,2001,52,21
Yeh Raat Phir Na Aayegi,1992,0,1
Ragini MMS,2011,34,50
Shararat,2002,3,16
Betaaj Badshah,1994,14,0
Karam,2005,23,0
Roti Kapda Aur Makaan,1974,40,14
Bluffmaster!,2005,9,8
Maachis,1996,116,18
Haan Maine Bhi Pyaar Kiya,2002,7,52
De Dana Dan',2009,90,21
Yaaron Ka Yaar,1977,6,0
Raat Gayi Baat Gayi?,2009,7,1
Swarag Se Sunder,1986,65,26
712 Phere,2005,9,0
Zokkomon,2011,6,0
Angel,2011,39,15
W (2014 film),2014,0,0
Gaon Hamara Shaher Tumhara,1972,26,7
Machine (2017 film),2017,5,46
Jawani Diwani,2006,28,6
Mohre,1987,6,1
Hunterrr,2015,66,57
Dil To Pagal Hai,1997,34,44
Fun 2shh: Dudes in the 10th Century,2003,14,0
Ek Chalis Ki Last Local,2007,23,7
Jaanwar,1983,65,44
Zinda (film),2006,57,5
Dahek,1999,24,19
Jaan Se Pyaara,1992,29,0
Kanwarlal,1988,5,0
Neerja,2016,8,29
Begum Jaan,2017,16,39
Phir Kabhi,2009,11,4
Shor in the City,2011,23,1
Angoor (1982 film),1982,6,2
Shaadi Ke Baad,1972,10,5
Laal Rang,2016,16,5
Raghu Romeo,2003,4,3
Baahubali 2: The Conclusion,2017,97,45
Shortkut,2009,26,0
Mehboob Ki Mehndi,1971,11,9
Criminal (1995 film),1995,10,5
Dharti Kahe Pukar Ke,2006,25,0
Girlfriend,2004,13,25
Dil-E-Nadaan,1982,44,49
Johnny Gaddar,2007,19,9
Haaledil,2008,4,4
Phhir,2011,106,25
Sarkari Mehmaan,1979,17,0
Gair,1999,2,0
Grahan,1972,13,20
Anari No.1,1999,14,4
Romance,1983,4,12
Wajood,1998,30,18
Mahashakti,1980,16,0
Hanste Khelte,1984,3,0
Mausam,1975,6,15
Kehtaa Hai Dil Baar Baar,2002,10,4
Saheb Bahadur,1977,6,3
A Decent Arrangement,2014,0,2
Robot,2010,67,20
Chup Chup Ke,2006,65,28
Dhanak,2016,2,0
Ishqedarriyaan,2015,0,0
Jo Bole So Nihaal,2005,30,3
Prem Kaa Game,2010,8,4
Aligarh (film),2016,1,0
Ferrari Ki Sawaari,2012,18,0
Banphool,1971,33,6
Namkeen,1982,10,25
Shor (1972 film),1972,23,0
Chhodon Naa Yaar,2007,3,0
Dildaar,1977,15,11
Aandhiyan,1990,2,0
Say Yes to Love,2012,6,1
Zaroorat,1972,16,5
Shart (1986 film),1986,4,0
Satta,2003,3,7
Ghar Ki Izzat,1994,9,6
Dost,1974,16,2
Chehraa (2005 film),2005,0,15
Runningshaadi.com,2017,37,9
Love Aaj Kal,2009,28,38
Ajab Gazabb Love,2012,6,3
Awwal Number,1990,9,0
Udhar Ka Sindur,1976,14,10
Chachi 420,1997,60,76
Om-Dar-Ba-Dar,2014,7,0
Lajja,2001,62,75
Dhol,2007,30,19
Raakh,1989,36,6
Hostel,2011,45,0
Judaai,1980,13,21
Jeete Hain Shaan Se,1988,9,1
Fareb (2005 film),2005,17,12
Dushman Zamana,1992,5,25
Prithvi (1997 film),1997,13,14
The Great Gambler,1979,33,3
Aashiq Banaya Aapne,2005,21,22
Pyaar Mein Kabhi Kabhi,1999,2,6
Majaal,1987,10,5
Badmashiyaan,2015,75,34
Hitler,1998,68,13
Force (2011 film),2011,56,27
Kabhie Kabhie (1976 film),1976,9,20
Garam Masala (1972 film),1972,114,0
Bhayaanak,1979,0,19
Shivaay,2016,38,25
Fredrick (2016 film),2016,2,0
Student Of The Year,2012,65,17
Naughty @ 40,2011,27,10
Teen Patti (film),2010,36,0
Elaan,1971,21,9
Zindagi Ek Juaa,1992,12,0
Star,1982,30,3
Yeh Faasley,2011,7,34
Rascals,2011,52,10
Ta Ra Rum Pum,2007,17,55
Style,2001,5,3
Betaab,1983,20,5
Suhana Safar,1970,6,10
Shakti,1982,9,0
Imaandaar,1987,19,10
From Sydney with Love,2012,0,11
Saudagar,1973,46,3
Ek Tha Tiger,2012,32,16
Dil Maange More,2004,20,31
Utsav,1984,1,0
Geeta Mera Naam,1974,6,7
Lamhe,1991,48,101
Phas Gaye Re Obama,2010,64,8
Taj Mahal: An Eternal Love Story,2005,145,32
Aap Mujhe Achche Lagne Lage,2002,23,10
Rajjo,2013,15,10
The Blue Umbrella,2007,27,22
Jhooth Bole Kauwa Kaate,1998,4,2
Mrigayaa,1976,14,1
Salaam Namaste,2005,41,35
Parasmani,1992,37,10
Kaalia,1981,34,8
Sailaab,1990,17,10
Yehi Hai Zindagi,1977,17,2
Duvidha,1973,0,0
Rocky,1981,35,5
Ganga Ki Saugandh,1978,32,3
Hero Hindustani,1998,17,8
Sagina,1974,1,0
Satya,1998,97,14
Right Yaaa Wrong,2010,25,1
Kamla,1984,6,0
Go (2007 film),2007,3,2
Teesra Kaun?,1994,21,2
Red: The Dark Side,2007,5,0
Aap Ke Deewane,1980,3,1
Baadshah,1999,171,87
Afsana Do Dilon Ka,1982,7,2
Rakta Bandhan,1984,2,0
Agneepath (2012 film),2012,101,8
Dulaara,1994,85,28
Goliyon Ki Raasleela Ram-Leela,2013,28,35
Kalicharan,1976,34,0
Chooriyan,1993,0,3
Lakshmi,1982,9,32
Pyaar To Hona Hi Tha,1998,38,62
Junooniyat,2016,5,39
Fukrey,2013,125,33
Happy Husbands,2011,33,16
Miley Naa Miley Hum,2011,8,6
Insaaf: The Justice,2004,38,1
The Burning Train,1980,82,15
Aflatoon,1997,38,5
Jail,2009,18,1
Ishq Hai Tumse,2004,25,13
Himalay Putra,1997,35,16
Adharm (2006 film),2006,0,0
Keemat  They Are Back,1998,11,12
Mere Do Anmol Ratan,1998,3,0
Koi Aap Sa,2005,19,28
Meerabai Not Out,2008,0,10
Pratikar,1991,21,15
Ek Hi Raasta,1977,26,15
Yeh Hai India,2017,0,0
Parwana (2003 film),2003,25,0
Cigarette Ki Tarah,2012,0,1
Mr. Bechara,1996,33,39
The Gambler (1995 film),1995,8,0
Ada... A Way of Life,2010,8,1
Zakhmee,1975,10,0
My Bollywood Bride,2007,27,21
Aisa Kyon Hota Hai,2006,8,0
Jab We Met,2007,53,44
Prem Tapasya,1983,30,23
Dor,2006,27,96
Koshish (1972 film),1972,1,1
Kaash,1987,15,14
Jazbaa,2015,17,54
3 A.M.,2014,11,4
Awara Baap,1985,117,43
Mandi (film),1983,2,56
Holiday (2014 film),2014,41,5
Kisaan,2009,26,4
Phool Aur Kaante,1991,11,0
Pyaar Ki Jeet,1987,10,19
Jeevan Yudh,1997,27,5
Humko Deewana Kar Gaye,2006,51,49
Nasha,2013,91,50
Pardesi Babu,1998,1,0
Dhadkan,2000,13,22
Vishwaroop,2013,27,7
X,2015,40,12
Mawaali,1983,11,6
Yeh Jawaani Hai Deewani,2013,128,0
Maine Pyar Kiya,1989,84,28
Deewana Mujh Sa Nahin,1990,10,14
Sannata,1981,5,3
Mitr  My Friend,2002,0,71
Sooryavansham,1999,233,68
Badlapur Boys,2014,7,0
Gali Gali Chor Hai,2012,33,1
Daud,1997,4,0
Dhoondte Reh Jaaoge,1998,36,8
Chaahat,1971,116,43
Hum Tum Pe Marte Hain,1999,10,11
City Lights,2014,19,6
Log Kya Kahenge,1982,0,1
Arth (film),1982,6,67
Aa Gale Lag Jaa (1994 film),1994,26,10
Insaniyat (1994 film),1994,11,0
Thodisi Bewafaii,1980,63,35
Ghar Ho To Aisa,1990,101,115
Man Pasand,1980,28,16
Anokhi Ada,1973,14,4
Mere Brother Ki Dulhan,2011,29,20
Papa Kehte Hai,1996,0,18
Hello Brother,1999,74,14
Nazar Ke Samne,1994,7,1
Pyar ka Punchnama,2011,26,20
Hattrick,2007,10,12
Khel Khel Mein,1975,25,36
Wanted: Dead or Alive,1984,8,3
Teraa Surroor,2016,41,0
Krishna Cottage,2004,36,53
Trishul,1978,46,30
Abdullah,1980,34,3
Aankhen (1993 film),1993,9,0
Arjun Pandit (1999 film),1999,170,68
Strangers (2007 Bollywood film),2007,8,0
Humjoli,1970,6,6
Pyasa Shaitan,1984,0,0
Yeh Gulistan Hamara,1972,12,10
Veerana,1988,153,144
Aafat,1977,9,3
Dishoom,2016,77,2
Mera Saathi,1985,41,3
Murder 3,2013,25,48
Ra.One,2011,12,11
Hadh Kar Di Aapne,2000,9,17
Bodyguard,2011,49,82
Ek Aur Ek Gyarah,1981,21,14
Black Mail,1973,5,9
Mohabbatein,2000,77,18
Yeh Saali Zindagi,2011,52,9
Samrat & Co.,2014,10,2
Ek Villain,2014,61,36
Jodi Breakers,2012,50,41
Jigyaasa,2006,0,11
Good Boy  Bad Boy,2007,14,3
Namastey London,2007,29,30
Miss Tanakpur Haazir Ho,2015,24,2
Ram Teri Ganga Maili,1985,12,26
Prem Ratan Dhan Payo,2015,88,24
Dil Hi Dil Mein,1982,122,53
Out of Control,2003,0,43
Aan: Men at Work,2004,23,0
Deewaar,1975,68,31
Sunday,2008,45,49
Alone,2015,24,96
Trishna,1978,12,11
Gauri: The Unborn,2007,1,1
Hum Ho Gaye Aapke,2001,11,8
Paathshaala,2010,14,0
Paappi Devataa,1995,20,1
Murder,2004,48,29
Koi Mere Dil Mein Hai,2005,0,5
Khoon Bhari Maang,1988,21,50
Chalte Chalte,1976,7,14
Vaastav: The Reality,1999,84,4
Karthik Calling Karthik,2010,56,11
Mashaal,1984,74,9
Chaahat (1996 film),1996,53,27
Jaanwar (1999 film),1999,173,23
Saazish (1988 film),1988,5,0
Mumbai Meri Jaan,2008,38,7
Tom Dick And Harry,2006,12,2
Munna Bhai M.B.B.S.,2003,51,20
Ghajini,2008,107,42
Bajatey Raho,2013,17,3
Farz Aur Kanoon,1982,66,2
Chupp,1997,18,19
Kismat (1995 film),1995,4,6
Saanjh,2017,1,0
Khilona,1970,42,21
Bombay 405 Miles,1980,2,0
Saath Saath,1982,11,3
Shodh,1979,7,0
Insan,2005,56,6
Angaaray (1998 film),1998,102,11
Yeh Hai Mumbai Meri Jaan,1999,3,7
Firaaq,2009,14,4
Blood Brothers,2007,8,0
Sssshhh...,2003,74,78
Junoon,1992,130,15
Mili,1975,10,14
Teen Thay Bhai,2011,2,0
Army,1996,7,14
Angaaray,1986,27,15
Chand Ke Paar Chalo (film),2006,20,6
The Stoneman Murders,2009,49,2
Tathastu,2006,88,26
Jaaneman (1976 film),1976,44,49
Do Aur Do Paanch,1980,22,0
Chintu Ji,2009,9,0
Anamika (2008 film),2008,9,17
Kuch Tum Kaho Kuch Hum Kahein,2002,77,10
Heroes,2008,19,0
Ganga Aur Ranga,1994,3,0
Shukriya,2004,11,18
Hindustan Ki Kasam,1973,3,9
Bees Saal Baad,1988,18,24
Farishtay,1991,3,6
Hum Hain Rahi Pyar Ke,1993,43,36
Albert Pinto Ko Gussa Kyoon Aata Hai,1980,9,0
Bade Dil Wala,1983,23,13
Krazzy 4,2008,29,22
Kucch Luv Jaisaa,2011,4,15
Aabra Ka Daabra,2004,1,2
Naam Shabana,2017,30,31
Dabangg 2,2012,52,6
Chandni Bar (2001 film),2001,13,63
Ek Anari Do Khiladi,1996,61,30
Achanak (1998 film),1998,14,4
Mission Istaanbul,2008,92,16
Luv Shuv Tey Chicken Khurana,2012,14,4
Khubsoorat,1980,18,37
Yeh Dooriyan,2011,1,7
Safed Haathi,1977,1,15
Insaaf (1997 film),1997,12,9
Yes Boss,1997,25,16
Loveshhuda,2016,35,32
Purani Jeans,2014,43,13
Hero (2015 Hindi film),2015,43,28
Shatranj,1993,24,1
Maan Gaye Mughal-e-Azam,2008,4,0
Ghulam-E-Mustafa,1997,61,17
Madadgaar,1987,14,6
Maine Pyaar Kyun Kiya?,2005,27,24
Billa No. 786,2000,0,0
All Is Well,2015,25,60
Ghazab Tamasha,1992,0,0
Jaani Dushman:
Ek Anokhi Kahani,2002,32,23
Papi Gudia,1996,9,0
Sau Crore,1991,3,0
Raja Hindustani,1996,27,30
Muqaddar Ka Sikander,1978,94,72
Daman: A Victim of Marital Violence,2001,19,4
Victoria No. 203,1972,5,4
Preet Na Jane Reet,1984,10,25
Aakhri Sangram,1984,14,5
Barah Aana,2009,16,0
Trinetra,1991,13,8
Haseena: The Queen of Mumbai,2017,0,1
Kyaa Kool Hain Hum 3,2016,26,4
Tum Bin - Love Will Find a Way,2001,71,16
Ansh: The Deadly Part,2002,19,0
23rd March 1931: Shaheed,2002,16,1
Ghulam,1998,253,13
Anjaane (2005 film),2005,4,4
Hazaaron Khwaishein Aisi,2005,105,37
Swami (2007 film),2007,77,36
Wanted,2009,78,12
Gundagardi,1997,3,0
Maine Gandhi Ko Nahin Mara,2005,14,9
Julie,1975,8,36
Maqbool,2004,33,6
Krishna-Krishna,1986,6,2
Chaand Kaa Tukdaa,1994,4,2
Jaal (1986 film),1986,31,1
Black and White,2008,19,1
Naach (2004 film),2004,0,25
Yaadein (2001 film),2001,21,8
Gayab,2004,79,28
Naqaab,2007,33,44
Phoonk 2,2010,32,20
Kaal,2005,9,2
Apaharan,2005,91,0
Yeh Desh,1984,11,0
Bandh Darwaza,1990,127,98
Trishagni,1988,2,2
Benaam Badsha,1991,4,14
Ilzaam,1986,11,9
Sawan Ko Aane Do,1979,0,1
Taxi No. 9211,2006,70,1
Mere Dost Picture Abhi Baki Hai,2012,29,0
Geraftaar,1985,80,91
Ankur Arora Murder Case,2013,4,6
Khiladiyon Ka Khiladi,1996,20,16
Raja Jani,1972,2,4
Parwana,1971,15,7
Agni Sakshi,1996,57,71
Mehndi (1998 film),1998,91,167
Aaina (1993 film),1993,9,22
Holiday,2006,4,16
Gangaajal,2003,129,2
The Blueberry Hunt,2016,2,0
Yamla Pagla Deewana 2,2013,64,34
Humse Badhkar Kaun,1998,1,0
Kamaal Dhamaal Malamaal,2012,118,0
Manjunath,2014,0,0
Maqsad,1984,27,8
Apne,2007,30,0
Nasoor,1985,18,1
Jahan Tum Le Chalo,1999,20,14
Chhupa Rustam,1973,9,15
Dulha Mil Gaya,2010,37,27
Indrajeet,1991,7,4
Yeh Nazdeekiyan,1982,7,11
Inkaar (2013 film),2013,5,6
One 2 Ka 4,2001,81,7
Bandit Queen (1994 film),1994,71,63
Yugandhar (1993 film),1993,2,0
Aagey Se Right,2009,36,9
Sarkar 3,2017,59,0
Dulhan,1974,6,20
LOC Kargil,2003,92,0
Neighbours: They Are Vampires,2014,0,0
Main Aurr Mrs Khanna,2009,35,31
Gandhi to Hitler,2011,6,0
Na Ghar Ke Na Ghaat Ke,2010,3,20
Shamitabh,2015,62,17
Naina (2005 film),2005,0,15
Total Siyapaa,2014,1,1
Singh Is Kinng,2008,23,15
Dil Hai Ke Manta Nahin,1991,34,37
Naram Garam,1981,26,15
Asambhav,2004,94,16
Radio,2009,14,14
Jeevan Dhaara,1982,1,22
Taare Zameen Par,2007,98,0
Khamosh Pani,2004,21,40
Double Dhamaal,2011,27,0
Zor,1998,80,0
Yuvvraaj,2008,62,6
Chhote Sarkar (1996 film),1996,14,0
Shaitan,2011,81,37
Holiday: A Soldier Is Never Off Duty,2014,41,5
Chupke Chupke,1975,30,16
Raaj Tilak,1984,0,0
Akhiyon Se Goli Maare,2002,6,18
Police Force: An Inside Story,2004,0,0
Raaz Reboot,2016,33,11
Hungama,2003,94,33
Prem Rog,1982,17,14
Bade Miyan Chote Miyan,1998,13,6
Dhoom 3,2013,176,18
Bhrashtachar,1989,6,2
Hate Story 2,2014,45,21
Bhoothnath,2008,52,6
Ghost,2012,24,3
F.A.L.T.U,2011,10,0
Darna Zaroori Hai,2006,0,1
Barfi!,2012,56,54
Agni Varsha,2002,56,26
Rivaaj,1972,18,37
Censor,2001,13,0
Dear Maya,2017,0,1
Dev,2004,51,2
Zabardast,1985,27,5
Ram Gopal Varma Ki Aag,2007,16,0
Hamari Adhuri Kahani,2015,94,29
Ghungroo Ki Awaaz,1981,3,6
Prem Vivah,1979,0,19
Ehsaas: The Feeling,2001,17,4
Yaadon Ki Baaraat,1973,26,0
Zakhmi Sher,1984,48,3
The Prince of Light,2000,333,6
Commando-A One Man Army,2013,66,10
Sarkar Raj,2008,36,30
Bhabhi,1991,17,7
Gardish,1993,19,7
Utt Pataang,2011,19,10
Safar (film),1970,19,35
Classic Dance of Love,2005,6,7
English Babu Desi Mem,1996,1,0
Lage Raho Munna Bhai,2006,81,6
Kudrat,1981,46,19
Biwi Ho To Aisi,1988,0,35
Himmat (1996 film),1996,15,4
Bairaag,1976,48,4
Creature 3D,2014,26,16
Santaan,1993,4,0
Via Darjeeling,2008,8,4
Aaj Ka Ravan,2000,9,0
Yeh Lamhe Judaai Ke,2004,15,17
Ladki,1989,23,24
Ek Nai Paheli,1984,4,3
Bubble Gum,2011,7,3
Pyar Jhukta Nahin,1985,40,29
Shiva,1990,13,36
Gaja Gamini,2000,9,7
8 x 10 Tasveer,2009,53,9
Jaane Kahan Se Aayi Hai,2010,16,0
Aasha,1980,25,26
Dalaal,1993,17,1
Yamla Pagla Deewana,2011,130,23
Baaghi (2016 film),2016,58,23
Karz,1980,63,37
Dangerous Ishq,2012,31,40
Naseeb (1981 film),1981,45,12
Prem Granth,1996,28,33
Buddha Mil Gaya,1971,4,0
Soorma Bhopali,1988,16,2
Hyderabad Blues,1998,2,0
Main Hoon Rajinikanth,2015,4,3
I  Me  aur Main,2013,25,15
Aasoo Bane Angaarey,1993,32,66
Kahaani,2012,49,30
Azhar (film),2016,46,11
Sangdil Sanam,1994,59,23
Milenge Milenge,2010,20,32
Jai Gangaajal,2016,25,4
Bittoo Boss,2012,0,0
Sanam Bewafa,1991,24,0
Main Tera Dushman,1989,17,6
Bombay (1995 film),1995,49,23
Welcome 2 Karachi,2015,14,0
Dharkan,1972,28,0
Chaar Sahibzaade: Rise of Banda Singh Bahadur,2016,18,0
Kachche Dhaage,1973,1,5
Irada (2017 film),2017,2,2
Kabhi Na Kabhi,1998,26,2
Dehraadun Diary,2013,10,55
Aaj Ke Shahenshah,1990,12,39
1920,2008,43,38
Sanam Re,2016,28,13
Chowkidar,1974,35,33
3 Deewarein,2003,3,0
Gharaonda,1977,21,9
Deewaanapan,2001,34,2
Dasvidaniya,2008,18,0
Hote Hote Pyar Ho Gaya,1999,21,19
Jyoti,1981,17,8
Chandni,1989,52,40
ABCD 2,2015,63,9
Chashme Buddoor,1981,12,5
Hu Tu Tu,1999,30,5
Zindagi,1976,14,15
Naukar Biwi Ka,1983,20,15
Saawan... The Love Season,2006,12,6
Do Dil Diwane,1981,12,4
Jodhaa Akbar,2008,32,4
Chance Pe Dance,2010,4,22
Sanam Teri Kasam (2016 film),2016,70,92
Asha Jyoti,1984,67,51
Anjaana Anjaani,2010,37,38
Pagla Kahin Ka,1970,19,3
Gulaab Gang,2014,0,23
Neeyat,1980,12,15
Hanuman,2005,3,0
Prem Pratigyaa,1989,16,11
Hate Story 3,2015,52,22
Mafia,1996,5,3
Pushpak,1988,35,14
Sir,1993,11,15
Chori Chori,2003,12,15
Beti No.1,2000,17,31
Dharam Sankat Mein,2015,21,9
Shaadi Ka Laddoo,2004,4,3
Tumsa Nahin Dekha (2004 film),2004,24,0
Sacred Evil  A True Story,2006,0,8
Mr. India,1987,52,11
Finding Fanny,2014,68,80
MSG-2:The Messenger,2015,41,0
Chura Liyaa Hai Tumne,2003,2,15
Kareeb,1998,63,37
Dhanwan (1993 film),1993,0,0
Raees (film),2017,73,2
Kohraa,1993,6,13
Socha Na Tha,2004,25,30
College Girl (1990 film),1990,7,5
Filhaal,2002,14,34
Madras Cafe,2013,60,18
Ek Second... Jo Zindagi Badal De?,2010,0,0
Saathi,1991,28,0
Insaaf Main Karoonga,1985,36,3
Rakhi Aur Hathkadi,1972,25,4
Apna Desh,1972,4,0
Chorni,1982,30,83
Bol Radha Bol,1992,110,31
Marigold,2007,73,10
Parichay (film),1972,27,0
Bhaji on the Beach,1993,4,18
Baaz,1992,15,10
The Living Corpse,1986,18,2
Sutradhar,1987,11,5
Geetanjali,1993,17,22
2 States (film),2014,52,37
Waris Shah: Ishq Daa Waaris,2006,30,6
Yaraana,1981,36,5
Singham Returns,2014,32,3
Khosla Ka Ghosla,2006,62,6
Life in a Metro,2007,62,68
100 Days,1991,50,93
Ek Mahal Ho Sapno Ka,1975,13,1
Doodh Ka Karz,1990,2,0
Sapne Sajan Ke,1992,15,9
Teree Sang,2009,0,19
Little Zizou,2009,7,7
Bhai Ho To Aisa,1972,25,1
Rocket Singh: Salesman of the Year,2009,21,3
Ishq Ke Parindey,2015,0,1
Love in Bombay,2013,1,4
Blue,2009,134,22
Gunahon Ka Devta,1990,4,0
Jaane Hoga Kya,2005,30,2
Sixteen,2013,50,74
Tum Haseen Main Jawaan,1970,10,6
Sharafat Gayi Tel Lene,2015,40,3
A Wednesday!,2008,46,2
Tumko Na Bhool Paayenge,2002,187,10
Diya Aur Toofan(1995 film),1995,3,0
Raja (1995 film),1995,63,26
Road,2002,27,10
Patiala House,2011,53,2
Accident on Hill Road,2009,7,7
Dil Pe Mat Le Yaar,2000,17,0
Sadgati,1981,2,1
Dharavi,1992,8,0
Dil Kabaddi,2008,1,0
Drohi,1992,10,2
Tumse Achcha Kaun Hai,2002,4,15
Jeevan Ki Shatranj,1993,4,0
Gehri Chaal,1973,17,8
Kyaa Dil Ne Kahaa,2002,6,6
Hum Hain Kamaal Ke,1993,3,0
Red Rose,1980,36,13
Mere Yaar Ki Shaadi Hai,2002,10,57
Main Tera Hero,2014,104,40
Love Shagun,2016,7,2
Kaala Patthar (1979 film),1979,31,5
Aag Andhi Aur Toofan,1994,3,0
Kabzaa,1988,55,0
Nastik,1983,29,16
Bobby Jasoos,2014,36,18
Staying Alive,2012,4,0
Meri Adalat,1984,0,2
Rog,2005,46,36
Dushman Duniya Ka,1996,20,4
Ae Dil Hai Mushkil,2016,30,35
Loot,2011,6,1
Hamari Bahu Alka,1982,16,3
Fox,2009,112,10
Always Kabhi Kabhi,2011,25,27
Wajah Tum Ho,2016,52,20
Sardar,1993,15,0
Do Ankhen Barah Hath,1997,14,9
Waqt Hamara Hai,1993,39,5
Pyaar Ka Saaya,1991,24,16
Dushmani: A Violent Love Story,1995,17,0
Yeh Dil,2003,51,14
Yaad Rakhegi Duniya,1992,18,9
King of Bollywood,2004,1,7
Three  Love  Lies and Betrayal,2009,12,4
Gharwali Baharwali,1988,34,18
Andaz,1971,10,0
Hello Darling,2010,5,42
Chak De India,2007,37,23
Inteha,2003,1,1
Muqaddar,1996,0,23
Table No. 21,2013,18,0
Love U...Mr. Kalakaar!,2011,12,3
Mississippi Masala,1991,31,10
Sadak,1991,88,41
Jism,2003,48,30
Ek Paheli Leela,2015,49,20
Agent Vinod (1977 film),1977,6,0
Kohram,1999,16,1
Kabhi Khushi Kabhie Gham,2001,108,28
Mrityudand,1997,5,0
Hasti,1993,27,16
Badlapur,2015,86,12
Atithi Tum Kab Jaoge?,2010,1,0
Chitchor,1976,21,21
Bada Kabutar,1973,5,2
Mujhe Insaaf Chahiye,1983,11,26
Hum Se Badkar Kaun,1981,15,2
Super Nani,2014,52,56
Ishq,1997,47,41
Vaastu Shastra (film),2004,42,36
Sawan Bhadon,1970,52,30
Seeta Aur Geeta,1972,11,45
Nishabd (2007 film),2007,13,21
Sharmeelee,1971,20,8
Ekk Deewana Tha,2012,15,117
International Khiladi,1999,30,8
Chhoti Bahu,1971,30,41
Albela (2001 film),2001,118,134
Ugly (film),2014,85,28
Zindaggi Rocks,2006,7,9
Dosti Dushmani,1986,45,9
Jallaad,1995,9,0
Dil Bole Hadippa!,2009,56,28
Bajrangi Bhaijaan,2015,83,21
Chandni Chowk to China,2009,29,7
Tere Bin Laden,2010,47,4
Kyaa Super Kool Hai Hum,2012,42,23
Yuva,2004,34,20
Ponga Pandit,1975,6,1
Fitoor,2016,28,36
Shahrukh Bola "Khoobsurat Hai Tu",2010,3,0
Turning 30!!!,2011,0,0
Swarg,1990,29,4
Prem Pujari,1970,12,0
Bang Bang!,2014,259,128
Haqeeqat,1985,9,1
Kai Po Che!,2013,88,8
Yeh Vaada Raha,1982,58,139
Shikari,2000,123,15
Company,2002,28,0
Great Grand Masti,2016,37,34
Raaste Pyar Ke,1982,20,25
Udaan,2010,139,0
Daawat-E-Ishq,2014,26,16
Meri Biwi Ka Jawab Nahin,2004,42,58
Khwahish,2003,13,9
Chand Sa Roshan Chehra,2005,9,19
Apradhi Kaun?,1982,4,0
Black Friday,2005,15,0
Tu Chor Main Sipahi,1996,6,2
Des Pardes,1978,6,1
Paheli,1977,33,18
Darling (2007 Hindi film),2007,15,36
Ek Naya Rishta,1988,15,3
Rajkumar,1996,2,6
Bombay Talkie,1970,1,0
Pink (2016 film),2016,13,20
Teri Meri Kahaani,2012,45,54
Hyderabad Blues 2,2004,9,2
Janasheen,2003,14,1
Biwi No.1,1999,24,32
Gadar: Ek Prem Katha,2001,26,122
Guddi,1971,7,12
Dhamaal,2007,55,0
Aap Ke Saath,1986,12,8
Sansar (1987 film),1987,32,26
Help,2010,20,45
Titoo MBA,2014,1,0
Musafir,2004,67,23
Dil Ne Jise Apna Kahaa,2004,17,13
Home Delivery,2005,40,2
Dus (2005 film),2005,101,69
Pratigyabadh,1991,1,0
Khoon Ki Pukaar,1978,8,0
Will You Marry Me?,2012,21,0
Ankahee (1985 film),1985,18,6
Tutak Tutak Tutiya,2016,50,12
Stumped,2003,1,9
Do Anjaane,1976,34,12
The Gentleman (film),1994,17,3
Luckhnowi Ishq,2015,14,7
Khandan,1979,21,5
Ek Ajnabee,2005,39,3
Lakhon Ki Baat,1984,13,0
Saansein,2016,8,10
D-Day (2013 movie),2013,82,8
Mirzya (film),2016,10,40
Adalat,1976,16,16
Waah! Tera Kya Kehna,2002,18,0
Jashnn,2009,40,7
Darr @ the Mall,2014,8,5
Badal,2000,31,3
Hahakaar,1996,11,0
Jaani Dost,1983,71,17
Ek Hasina Do Diwane,1972,9,11
Jhootha Hi Sahi,2010,27,25
Sur: The Melody of Life,2002,26,14
Aur Pyaar Ho Gaya,1997,14,29
Om,2003,16,2
Aakhri Cheekh,1991,1,0
Na Tum Jaano Na Hum,2002,38,41
Toh Baat Pakki!,2010,26,20
Geet Gaata Chal,1975,14,2
Bhishma,1996,8,4
Jai Veeru,2009,30,0
Aangan Ki Kali,1979,2,20
Udta Punjab,2016,74,21
Dus,1997,0,0
Manoranjan,1974,18,8
Taxi Chor,1980,0,0
Yeh To Kamaal Ho Gaya,1982,27,2
Mera Gaon Mera Desh,1971,29,2
Guru (2007 film),2007,8,37
Bumboo,2012,65,9
Piya Ka Ghar,1974,8,14
Masoom,1983,32,12
Bahurani,1989,33,27
Josh,2000,43,26
Bewafa Sanam,1995,4,29
Agneepath,1990,43,31
16 December,2002,18,0
Mera Naam Joker,1970,37,16
Gunday,2014,168,33
Palkon Ki Chhaon Mein,1977,58,48
Laila Majnu,1976,3,1
Meera,1979,6,23
Raajneeti,2010,110,19
Aaghaaz,2000,33,12
Love Ke Liye Kuchh Bhi Karega,2001,12,5
Humshakal,1992,6,0
1942: A Love Story,1994,67,11
Shera,1999,11,6
Dil,1990,58,21
Swarg Yahan Narak Yahan,1991,2,0
Awaargi,1990,13,8
Bewafaa (2005 film),2005,27,37
Rama Rama Kya Hai Drama,2008,16,5
Sanam Teri Kasam,1982,13,0
Krodhi,1981,9,20
Crook (film),2010,58,12
Straight,2009,25,5
Main Hoon Na,2004,42,4
Main Azaad Hoon,1989,16,0
Anari (1993 film),1993,67,44
Jaal: The Trap,2003,11,13
Sarfarosh,1985,11,0
Pukar (2000 film),2000,20,18
Ram Shastra,1995,22,1
Waqt Ki Deewar,1981,24,9
Apne Apne,1987,21,30
Phillauri (film),2017,37,64
Mammo,1994,0,3
Kala Sona,1975,20,2
Rowdy Rathore,2012,72,18
Phir Bhi Dil Hai Hindustani,2000,91,13
Ki & Ka,2016,52,35
Aap Aye Bahaar Ayee,1971,46,18
Bloody Isshq,2013,0,0
Married 2 America,2012,0,2
3 Idiots,2009,117,10
Watan Ke Rakhwale,1987,2,0
The Deceivers,1988,0,0
Kyaa Kool Hai Hum,2005,14,6
Love Story,1981,42,12
Love Khichdi,2009,8,0
Bedardi,1993,14,3
Geet,1970,54,35
Badrinath Ki Dulhania,2017,94,42
Madaari,2016,51,0
I See You,2006,24,3
Maa Tujhhe Salaam,2002,28,1
Aarzoo,1999,48,58
Kaun,1999,20,18
I Don't Luv U,2013,47,19
Gopalaa,1994,3,0
Marte Dam Tak,1987,5,5
Love Breakups Zindagi,2011,7,8
Jurmana,1979,63,0
Rangeela,1995,23,13
Singhasan,1986,64,5
The Last Lear,2008,27,11
Joggers Park,2003,8,38
Khudai,1994,52,6
Dhaai Akshar Prem Ke,2000,26,102
Aap To Aise Na The,1980,18,11
Daisy,1988,23,5
Hava Aney Dey,2004,23,9
Hukumat,1987,11,0
Prem Shakti,1994,0,3
Rustom (film),2016,87,17
Dhoom,2004,11,35
Ramayana: The Legend of Prince Rama,1992,333,6
Sikka,1989,30,14
Stanley Ka Dabba,2011,62,6
Kuch Kuch Hota Hai,1998,1,0
Don,1978,136,21
Ittefaq,2001,2,0
Khaan Dost,1976,11,4
Duplicate,1998,20,3
Anhonee,1973,0,5
Itihaas (1987 film),1987,21,2
War and Peace (2002 film),2001,6,0
Barsaat,1995,30,13
Jodi No.1,2001,20,0
Do Chor (1972 film),1972,18,13
Yaadon Ki Kasam,1985,0,2
Hazaar Chaurasi Ki Maa,1998,3,6
Bewakoofiyaan,2014,35,19
Himmatwala,1983,30,17
Tere Naal Love Ho Gaya,2012,68,19
Green Card Fever,2004,0,0
First Love Letter,1991,56,32
Hum Dil De Chuke Sanam,1999,42,29
Jeena Sirf Merre Liye,2002,18,31
Heartless,2014,23,5
Love Games (film),2016,7,8
Daag: The Fire,1999,26,4
Roadside Romeo,2008,43,71
Dil Hai Tumhaara,2002,1,66
Kangan (1971 film),1971,4,0
Doosra Aadmi,1977,3,6
Murder 2,2011,61,29
Mulzim,1988,34,3
Sitam,1982,0,0
Mazdoor,1983,2,0
Main Krishna Hoon,2013,15,1
Chashme Baddoor,2013,71,69
Nishad,2002,6,3
Jackpot (2013 film),2013,5,0
Aankhon Aankhon Mein,1972,21,3
Jamai Raja,1990,7,21
Kajraare,2010,72,19
Shaadi Ke Side Effects,2014,61,29
Apradh,1972,12,9
Kya Kehna,2000,9,90
Chhupa Rustam: A Musical Thriller,2001,18,0
MP3 - Mera Pehla Pehla Pyaar,2007,2,21
Kaise Kahoon Ke... Pyaar Hai,2003,22,27
36 Ghante,1974,3,1
Nasihat,1986,31,6
Where's the Party Yaar?,2003,13,0
Grand Masti,2013,19,8
Desi Boyz,2011,76,16
Aitraaz,2004,52,63
Being Cyrus,2006,68,27
The Japanese Wife,2010,0,11
Laaga Chunari Mein Daag,2007,7,65
Ankahee (2006 film),2006,60,79
Ya Rab,2014,17,1
Paisa Vasool,2004,1,0
Haqeeqat (1995 film),1995,0,9
Jeeo Aur Jeene Do,1982,23,17
Jaanam Samjha Karo,1999,80,10
Daraar,1987,47,24
Kabhi Alvida Naa Kehna,2006,46,65
Hero Hiralal,1988,0,16
Ram Lakhan,1989,92,10
Dilwale,1994,158,21
Kanoon Apna Apna,1988,17,0
Gori Tere Pyaar Mein,2013,75,31
Kaabil,2017,69,34
Matru Ki Bijlee Ka Mandola,2013,47,33
Nishchaiy,1992,38,25
Dillagi (1999 film),1999,19,1
Jimmy,2008,7,1
All The Best: Fun Begins,2009,47,6
Don Muthu Swami,2008,3,0
Mahabali Hanuman,1981,6,0
Mere Saath Chal,1974,7,11
Vijaypath,1994,28,0
Veeru Dada,1990,13,9
Hum Aapke Dil Mein Rehte Hain,1999,57,52
Rab Ne Bana Di Jodi,2008,70,83
Karle Pyaar Karle,2014,5,0
Major Saab,1998,21,4
Divya Shakti,1993,3,0
Bezubaan,1982,10,8
Aao Pyaar Karen,1983,19,23
Garam Masala,2005,53,6
Naseem (film),1995,1,0
Bindiya Chamkegi,1984,2,3
Aman Ke Farishtey,2003,6,0
Chaarfutiya Chhokare,2014,0,9
Mela (2000 film),2000,44,45
Katti Batti,2015,6,8
Pizza,2014,39,25
Kya Yehi Pyaar Hai,2002,48,15
Taal (1999 film),1999,134,21
Pyar Ka Mandir,1988,21,12
Baabul (2006 film),2006,50,26
Dil Jo Bhi Kahey...,2005,16,16
Ek Paheli,1971,46,23
Happy Bhaag Jayegi,2016,81,44
Mubarakan,2017,3,0
Bin Bulaye Baraati,2011,12,0
Gopi Kishan,1994,13,0
Kora Kagaz,1974,8,10
Barsaat (2005 film),2005,24,21
Jism 2,2012,128,82
Do Gaz Zameen Ke Neeche,1972,0,5
Pasand Apni Apni,1983,6,1
Rockstar,2011,53,26
Jai Shiv Shankar,1990,6,0
Babu,1985,9,10
Main Intequam Loonga,1982,25,4
Ghar,1978,8,4
Bachke Rehna Re Baba,2005,1,11
Aamir,2008,18,0
Dharam Kanta,1982,31,0
Khalnayak,1993,78,5
Nehlle Pe Dehlla,2007,0,1
Sapoot,1996,12,0
Ghar Ghar Ki Kahani,1970,10,0
Gang (2000 film),2000,2,0
Phool Aur Angaar,1993,22,15
Risk,2007,75,9
Revolver Rani,2014,6,13
Naajayaz,1995,37,0
Shastra,1996,32,0
Kal Aaj Aur Kal,1971,16,0
Yaar Gaddar,1994,11,10
Life Partner,2009,84,26
Shaandaar,2015,12,21
O Teri,2014,1,4
Yea Toh Two Much Ho Gayaa,2016,0,0
Lafangey Parindey,2010,4,1
Indian,2001,15,0
Wah Taj,2014,18,0
Jab Pyaar Kisise Hota Hai,1998,74,23
Dum,2003,52,23
Shatranj Ke Khilari,1977,0,0
Kick (2014 Film),2014,60,15
Wake Up Sid,2009,60,22
Sooper Se Ooper,2013,8,0
Deewane Huye Paagal,2005,166,96
Amiri Garibi,1990,7,16
Bawandar,2000,7,12
No Problem,2010,63,15
Mere Sajna,1975,11,1
Aiyyaa,2012,13,40
Pyaasa Sawan,1981,14,6
Deewane,2000,73,31
Pyaar Impossible!,2010,14,96
Aarakshan,2011,50,27
Yeh Raaste Hain Pyaar Ke,2001,40,24
I Love NY (2015 film),2015,0,0
Parineeta,2005,19,4
Sirf Tum,1999,7,10
Veergati,1995,28,1
Dekh Tamasha Dekh,2014,3,0
Shikhar,2006,26,2
Kuch Kuch Locha Hai,2015,45,53
Haunted  3D,2011,88,39
Malamaal Weekly,2006,65,1
Dreams (2005 film),2005,41,0
Aaj Ka M.L.A. Ram Avtar,1984,0,0
Haath Ki Safai,1974,2,0
Dil Se..,1998,61,12
Rokkk,2010,1,46
Fatso!,2012,23,3
Do Boond Pani,1971,18,0
NH10,2015,20,82
Players,2012,48,47
Ishq Par Zor Nahin,1970,18,10
Baazigar,1993,120,96
Ram Jaane,1995,106,8
Delhi-6,2009,25,81
Mirch Masala,1985,43,25
Anthony Kaun Hai?,2006,30,8
Parda Hai Parda,1992,74,30
Parched,2016,19,107
Kabul Express,2006,50,9
Jaagruti,1992,14,0
Apna Bana Lo,1982,17,5
Dard Ka Rishta,1982,17,22
Zindagi Tere Naam,2012,9,10
Buddha Mar Gaya,2007,11,2
Half Girlfriend (film),2017,67,22
Sabse Bada Khiladi,1995,84,28
Tahqiqaat,1993,45,10
Hindi Medium (film),2017,105,0
Guddu Rangeela,2015,8,0
Housefull 2,2012,101,57
Satyagraha,2013,12,0
Haseena Maan Jaayegi,1999,36,6
Pehchaan,1993,22,7
Kurbaan (2009 film),2009,32,102
Naksha,2006,24,20
Deedar-E-Yaar,1982,68,10
Hulchul,1971,28,12
Yodha (1991 film),1991,24,4
Bheegi Palkein,1982,20,17
Golmaal Returns,2008,69,25
Talvar,2015,31,0
Shri Krishna Leela,1971,11,1
Mera Desh Mera Dharam,1973,0,0
Astitva,2000,37,44
Tanu Weds Manu,2011,141,90
Pyaar Tune Kya Kiya,2001,32,54
Manchali,1973,0,1
Rocky Handsome,2016,59,29
Jawani Diwani,1972,8,5
Saugandh,1991,8,0
Ishq Vishk,2003,69,58
Ek: The Power of One,2009,36,0
Corporate (2006 film),2006,94,3
No Smoking,2007,43,1
Mohra,1994,104,7
Dilwale Dulhania Le Jayenge,1995,78,62
Agneekaal,1990,7,1
Makdee,2002,2,29
Faasle,1985,10,7
Yaariyan,2014,15,5
Bol Bachchan,2012,19,29
Anurodh,1977,27,9
Zid (2014 film),2014,57,107
Paisa Ho Paisa,2015,1,0
Bawarchi,1972,6,0
Mere Humsafar,1970,13,13
Vijay (1988 film),1988,74,4
Mary Kom,2014,12,0
Qaidi,1984,15,1
Aaja Nachle,2007,84,55
Shiva (2006 film),2006,8,0
Kunwara Baap,1974,8,3
Oh  My God,2008,11,0
Sparsh (film),1980,17,28
Jolly LLB 2,2017,117,5
Paa,2009,48,46
Rootha Na Karo,1970,27,38
Parampara,1992,104,81
Dream Girl,1977,0,1
G Kutta Se,2017,3,0
Shool,1999,123,8
Ajab Prem Ki Ghazab Kahani,2009,64,27
Anubhav,1971,26,16
Adventures of Tarzan,1985,10,11
Kochadaiiyaan,2014,154,21
Raju Ban Gaya Gentleman,1992,30,26
Ab Kya Hoga,1977,5,2
Woh Chokri,1994,12,15
Arvind Desai Ki Ajeeb Dastaan,1978,14,3
Namak Halaal,1982,34,37
Kartavya (1995 film),1995,19,5
Kyun...! Ho Gaya Na,2004,13,18
Thanedaar,1990,39,0
Mumbai Godfather,2005,22,0
Hawayein,2003,0,0
Saathiya (film),2002,33,42
Elaan (1994 film),1994,18,0
Yugpurush,1998,17,8
Hum Tere Ashiq Hain,1979,12,0
Daava,1997,18,0
Calendar Girls,2015,9,70
Rehnaa Hai Terre Dil Mein,2001,47,58
Alaap,1977,28,6
Aadmi Khilona Hai,1993,34,17
Game,2011,26,104
Gupt: The Hidden Truth,1997,137,44
Sunny,1984,19,14
Mujhse Fraaandship Karoge,2011,13,33
Virasat (1997 film),1997,140,6
Baar Baar Dekho,2016,74,20
Judge Mujrim,1997,55,2
Aamne Samne,1982,12,0
Paagalpan,2001,6,10
Dum Laga Ke Haisha,2015,61,39
Prince - It's Showtime,2010,32,20
Gol Maal,1979,30,38
Tera Mera Saath Rahen,2001,22,7
Dharma,1973,22,35
Bade Ghar Ki Beti,1989,13,13
Kis Kisko Pyaar Karoon,2015,72,25
Virodhi,1992,9,0
Warrant,1975,11,0
Morning Raga,2005,7,22
Badle Ki Aag,1982,15,15
Band Baaja Baaraat,2010,46,91
Sawaal,1982,3,4
Joker,2012,23,0
Bikhare Moti,1971,8,1
Gabbar is Back,2015,85,15
Train to Pakistan,1998,0,1
Welcome to Sajjanpur,2008,22,16
Horror Story (2013 film),2013,24,30
Aadmi Aur Apsara,1991,24,24
Andaz Apna Apna,1994,57,19
Narsimha,1991,52,20
Titli,2015,13,0
Haisiyat,1984,8,0
Thoda Tum Badlo Thoda Hum,2004,16,10
Page 3,2005,21,43
Ravan Raaj: A True Story,1995,11,0
Bhavna,1984,17,12
Deshdrohi,2008,1,0
Luck by Chance,2009,68,44
Jal Bin Machhli Nritya Bin Bijli,1971,0,5
R... Rajkumar,2013,47,8
Humshakal,1974,46,61
Ghanchakkar,2013,74,19
Superstar,2008,11,0
The Legend of Bhagat Singh,2002,19,0
International Hero,2015,4,0
Anand Aur Anand,1984,23,7
13B,2009,32,7
Jeeva (1986 film),1986,6,0
Aashiq,2001,113,47
Mukti,1977,9,7
Chal Mere Bhai,2000,33,13
Shahid (film),2013,28,1
M Cream,2016,0,6
Yeh Hai Jalwa,2002,134,38
Ameer Aadmi Gharib Aadmi,1985,1,0
Oh My God (2012 film),2012,131,0
London Dreams,2009,67,6
Say Salaam India,2007,9,0
Thank You,2011,146,49
Khoobsurat (2014 film),2014,94,9
Talaash: The Hunt Begins...,2003,55,35
Jeene Ki Arzoo,1981,10,1
Bepanaah,1985,1,0
Sarkar,2005,91,4
Gangs of Wasseypur  Part 2,2012,186,10
Reshma Aur Shera,1971,23,11
Rang De Basanti,2006,28,19
Dahleez,1986,16,0
Tere Pyar Mein,1978,8,14
Umar 55 Ki Dil Bachpan Ka,1992,20,0
Haque,1991,7,21
Vidhaata,1982,52,17
Joshilaay,1989,22,0
Daag: A Poem of Love,1973,14,6
Akayla,1991,20,0
Shabd,2005,44,0
Chennai Express,2013,88,28
Sorry Bhai!,2008,14,8
Mohabbat Ki Kasam,1986,6,0
Chetna,1970,20,24
Agnipankh (2004 film),2004,16,4
Samraat,1982,13,13
Fruit and Nut (film),2009,9,0
Cover Story,2000,5,7
Paying Guests,2009,50,9
Lovers,1983,2,0
Bewafai,1985,9,24
Toonpur Ka Super Hero,2010,19,0
Dekha Pyar Tumhara,1985,7,6
Mukti Bhawan,2017,35,0
Bundal Baaz,1976,112,7
Cocktail,2012,5,135
Coffee Bloom,2015,8,0
MSG: The Warrior Lion Heart,2016,0,0
Sukhmani  Hope for Life,2010,15,4
Shakti - The Power,2002,19,11
Vicky Donor,2012,74,35
Kasoor,2001,39,21
Ek Doctor Ki Maut,1991,11,0
Rang Birangi,1983,5,0
Bhool Bhulaiyaa,2007,41,63
That Girl in Yellow Boots,2011,0,28
Qayamat: City Under Threat,2003,52,10
Om Shanti Om,2007,63,38
Special 26,2013,61,5
Raaz  The Mystery Continues,2009,72,72
Kitne Door Kitne Paas,2002,10,7
Krrish 3,2013,77,17
Pardes,1997,185,143
Sardari Begum,1996,1,2
6-5=2 Hindi,2014,0,0
Zakhmi Dil (1994 film),1994,23,28
M.S. Dhoni: The Untold Story,2016,7,0
Mehbooba (2008 film),2008,66,38
Anubhav (1986 film),1986,56,25
Nishaant,1976,15,7
Bollywood Queen,2002,39,36
Hiraasat,1987,0,0
Paanch Ghantey Mien Paanch Crore,2012,5,0
Dharam Sankat,1991,16,12
Humraaz,2002,140,49
I Hate Luv Storys,2010,35,22
Khoon Aur Paani,1981,28,0
Man Ki Aankhen,1970,7,5
Ram Aur Shyam,1996,29,0
Dil Pardesi Ho Gayaa,2003,9,0
Haathi Mere Saathi,1971,16,5
Zamana (1985 film),1985,11,0
Life Express,2010,0,3
Hoshiyar,1985,35,24
Nazrana,1987,27,48
Shabri,2011,9,13
Big Brother,2007,0,0
Lahu Ke Do Rang,1979,1,0
Welcome Back,2015,51,16
Omkara,2006,5,4
Aagman,1982,5,1
Patthar Ke Phool,1991,102,23
Duniya,1984,62,4
Gunaah (2002 film),2002,17,18
Haathkadi,1982,41,10
Purani Haveli,1989,21,17
Insaaf Ki Devi,1992,16,8
Agnichakra,1997,127,42
Partner,2007,75,22
Angaar,1980,1,0
Ramji Londonwale,2005,28,14
Banaras: A Mystic Love Story,2006,0,1
Tum Mere Ho,1990,9,1
Gangaa Jamunaa Saraswathi,1988,10,2
Mere Jeevan Saathi (1972 film),1972,76,55
Chameli,2004,62,34
Tezz,2012,71,12
English Vinglish,2012,15,61
Tashan,2008,25,48
Awaaz,1984,44,6
Jis Desh Mein Ganga Rehta Hain,2000,42,2
Mr Joe B. Carvalho,2014,10,2
Border (1997 film),1997,252,1
Second Hand Husband,2015,6,5
Lava,1985,1,0
Khal-Naaikaa,1993,10,12
Maalamaal,1988,7,0
Apna Asmaan,2007,24,4
Housefull 3,2016,105,29
Bangistan,2015,24,2
Bhago Bhut Aaya,1985,17,7
Tyagi,1992,28,9
Jigariyaa,2014,2,4
Highway,2014,24,12
Drishyam,2015,66,28
Love Ke Chakkar Mein,2006,3,10
Waqt: The Race Against Time,2005,50,4
Dil Dhadakne Do,2015,73,48
Pyaar Koi Khel Nahin,1999,45,7
Aag Ka Gola,1990,12,5
Saaya,2003,42,12
Shalimar,1978,14,0
Aao Pyaar Karen (1994 film),1994,19,23
Dak Bangla,1987,41,18
Victory,2009,53,8
Tera Jadoo Chal Gayaa,2000,2,0
Massey Sahib,1985,26,0
Andha Yudh,1987,0,1
Jannat 2,2012,35,7
Hari Puttar: A Comedy of Terrors,2008,3,0
Justice Chaudhury,1983,79,12
Insaaf Ka Khoon,1991,0,3
Dabangg,2010,66,11
Damadamm!,2011,32,26
Ek Chotisi Love Story,2002,8,5
Tum Milo Toh Sahi,2010,0,0
Saazish (1998 film),1998,0,0
Brahma (1994 film),1994,3,0
Rajnigandha,1974,5,23
27 Down,1974,16,0
Jannat,2008,74,51
Udhaar Ki Zindagi,1994,33,11
Purana Mandir,1984,67,12
Mr. White Mr. Black,2008,10,0
Ankhon Dekhi,2014,22,2
Dus Numbri,1976,1,0
The Train (2007 film),2007,116,28
Dhobi Ghat,2011,33,72
Zaalim,1994,5,0
Jaisi Karni Waisi Bharni,1989,30,3
Apnapan,1977,23,5
Lakshmi (2014 film),2014,14,45
Ek Main Aur Ekk Tu,2012,89,3
Sanjog (1985 film),1985,4,18
Kahani Ek Chor Ki,1981,20,16
My Wife's Murder,2005,17,8
Phobia (2016 film),2016,16,15
One Two Three (2008 film),2008,12,1
Bachpan,1970,18,0
Shakal Pe Mat Ja,2011,0,0
Mere Dad Ki Maruti,2013,45,6
Hera Pheri (2000 film),2000,1,0
Dulhe Raja,1998,27,77
Kasam Paida Karne Wale Ki,1984,28,8
Lal Baadshah,1999,20,1
Hum Tum,2004,3,82
Ishaqzaade,2012,38,72
Annarth,2002,133,21
Maa Aur Mamta,1970,40,25
Begunaah,1991,59,36
Sanjog,1971,14,26
Kasak (2005 film),2005,1,6
Dharam Veer,1977,90,67
Zameen,2003,14,17
Dolly Ki Doli,2015,8,5
Guddu,1995,24,8
Kalyug,1981,4,0
Yamraaj (film),1998,21,0
Kaante,2002,53,0
Deadline: Sirf 24 Ghante,2006,18,16
Dedh Ishqiya,2014,51,87
Revati,2005,0,10
Platform,1993,111,2
Rahul's Arranged Marriage,2005,9,2
Johny Mera Naam,1970,5,1
Krantiveer,1994,27,7
Imtihaan,1974,10,44
Good Luck!,2008,15,7
Souten,1983,5,5
Airlift (film),2016,60,3
Issaq (2013 film),2013,4,4
Hera Pheri,1976,7,0
Hisss,2010,19,2
Azaad,1978,6,1
Maa Kasam (1985 film),1985,6,0
Raat,1992,10,12
Phir Milenge,2004,9,18
Waiting (2016 film),2016,51,37
Pyaar Mein Twist,2005,0,1
Apna Sapna Money Money,2006,48,21
Sweetiee Weds NRI,2017,5,1
Khoobsurat,1999,21,7
Aag (1994 film),1994,0,10
Bhai,1997,77,4
Yudh (film),1985,43,10
Return of Jewel Thief,1996,7,0
Laawaris,1981,9,0
Dav Pech,1989,14,4
Rok Sako To Rok Lo,2004,0,3
Rudraksh,2004,16,8
Annadata (1972 film),1972,36,23
Do Shikaari,1979,3,4
Avinash,1986,0,0
Tere Naam,2003,54,26
Nishant,1975,15,7
Kasauti,1974,12,12
Paap,2004,35,20
Bheja Fry (2007 film),2007,52,11
Devdas (2002 Hindi film),2002,55,77
Khamosh,1985,25,7
Main Madhuri Dixit Banna Chahti Hoon,2003,0,15
Aggar,2007,5,8
Khushboo,1975,30,19
Veer,2010,55,9
Blood Money,2012,72,7
Cheeni Kum,2007,42,15
Do Phool,1973,29,6
Dulhan Banoo Main Teri,1999,0,2
Chauraha,1994,14,1
Samar,1999,0,0
Zahreelay,1990,3,0
King Uncle (1993 film),1993,21,13
Rupaye Dus Karod,1991,85,24
Pehla Nasha,1993,9,2
Johar Mehmood in Hong Kong,1971,9,9
Badalte Rishtey,1978,47,52
Shanghai,2012,0,0
Gudgudee,1997,16,1
Khalifa,1976,3,0
Gehrayee,1980,4,10
Phir Hera Pheri,2006,73,21
Woh Saat Din,1983,10,21
Suhaag,1979,17,21
Himmat,1970,48,3
Challo Driver,2012,0,0
Wazir (film),2016,97,14
Naina,1973,0,15
Jolly LLB,2013,76,7
Daddy (1989 film),1989,1,18
Kaala Samrajya,1999,21,0
Thanks Maa,2010,4,4
Hari-Bhari,2000,0,19
Jwar Bhata,1973,11,0
Shola Aur Shabnam,1992,5,5
Yeh Dil Aashiqanaa,2002,38,1
Aan Baan (1972 film),1972,32,0
Thodi Thodi Si Manmaaniyan,2017,10,4
Daulat Ki Jung,1992,4,1
Ghayal,1990,69,0
Nayee Padosan,2003,2,0
D,2005,38,2
Singham,2011,61,21
Bombay to Goa (2007 film),2007,9,0
Sikandar,2009,14,0
Koi... Mil Gaya,2003,98,20
Bachna Ae Haseeno,2008,93,56
Son Of Sardaar,2012,15,16
Himmat Aur Mehanat,1987,12,0
Aaj Ka Goonda Raaj,1992,24,2
Yeh Zindagi Ka Safar,2001,29,37
Zeher,2005,17,29
Aag Hi Aag,1987,23,2
Sapnon Ka Mandir,1991,2,0
Race 2,2013,149,24
Kabhi Haan Kabhi Naa,1993,55,23
Riyasat,2014,6,0
Garam Hawa,1973,123,23
Kambakkht Ishq,2009,27,39
Tejaa,1990,11,0
Ek Hi Raasta (1993 film),1993,10,3
Padmashree Laloo Prasad Yadav,2005,14,15
Aulad,1987,10,6
Krodh,2000,6,2
Uttarayan,1985,6,17
Be-Imaan (1972 film),1972,10,0
Pyaar Ka Punchnama 2,2015,18,16
Chalte Chalte (2003 film),2003,57,53
Anjaam (1994 film),1994,73,69
Jaani Dushman,1979,2,9
Krrish,2006,81,35
Gaman,1978,4,1
Fashion,2008,25,83
Queen,2014,0,90
Gurudev,1993,12,0
Aur Ek Prem Kahani,1996,5,3
Love,1991,13,12
Surakshaa,1979,3,0
Sadma,1983,11,26
Awara Paagal Deewana,2002,65,9
Dillagi (1978 film),1978,0,8
Baahubali,2015,66,26
Gulaal,2009,27,10
Jeene Do,1990,50,0
Tulsi,2008,15,5
Do Dooni Chaar,2010,0,1
Main Tulsi Tere Aangan Ki,1978,22,32
Darr,1993,48,28
Hum Hain Bemisaal,1994,60,4
Darwaaza Bandh Rakho,2006,10,7
Haider (film),2014,114,28
Meethi Meethi Baatein,1977,2,0
Nothing But Life,2004,3,0
Aashiqui.in,2011,4,38
Hawaa Hawaai,2014,38,0
Youngistaan,2014,16,0
ChaalBaaz,1989,0,9
Aashiqui 2,2013,64,67
Kshatriya,1993,91,24
Dil Hi To Hai,1992,20,3
Ghulami,1985,39,66
Ishqiya,2010,25,29
Ali Baba,1976,20,2
Main Aur Mera Haathi,1981,0,0
Awarapan,2007,117,72
Teesri Aankh,1982,13,14
Tere Mere Sapne,1971,39,10
Ab Ke Baras,2002,1,7
Life Mein Kabhie Kabhiee,2007,49,12
Aakrosh (2010 film),2010,16,5
Ugly Aur Pagli,2008,11,6
Tarkeeb,1984,0,0
Devaki,2006,20,9
Balwaan,1992,24,6
Buddha in a Traffic Jam,2016,9,0
Bbuddah... Hoga Terra Baap,2011,69,5
Fire,1996,22,37
Mumbai 125 KM 3D,2014,35,19
Shortcut Safari,2016,0,0
Lucky: No Time for Love,2005,20,13
Aaj Ka Dada,1985,2,0
Raman Raghav 2.0,2016,55,4
Aadmi Sadak Ka,1977,14,6
Ek Bechara,1972,58,22
Manorama Six Feet Under,2007,67,40
Khatta Meetha (2010 film),2010,83,11
Droh Kaal,1994,128,4
Abodh,1984,15,32
Kranti (2002 film),2002,26,5
Aatish: Feel the Fire,1994,26,2
Fareb,1983,0,0
404,2011,0,0
Mata Velankanni,1979,5,83
Flavours,2004,0,2
Purab Aur Paschim,1970,7,23
Jurm,2005,13,1
James,2005,6,0
36 China Town,2006,5,2
Solva Sawan,1979,18,3
Janam Kundli,1995,25,9
Awam (film),1987,13,5
Hawa,2003,0,10
Shaadi Se Pehle,2006,23,14
Ustadi Ustad Se,1981,7,13
China Gate,1998,16,4
Jab Tak Hai Jaan,2012,102,47
Zameer: The Fire Within,2005,26,51
Sonali Cable,2014,3,11
Naam (1986 film),1986,16,0
Bhoot,2003,50,41
Koi Mere Dil Se Poochhe,2002,42,43
Kishen Kanhaiya,1990,24,8
Ishq Ishq Ishq,1974,10,6
Do Knot Disturb,2009,37,78
Karzzzz,2008,11,29
Saheb  Biwi Aur Gangster Returns,2013,9,4
Vaah! Life Ho Toh Aisi!,2005,26,0
Delhi Safari,2012,53,10
Aladin,2009,90,14
Aakhree Raasta (1986 film),1986,18,15
Aaj Ka Arjun,1990,27,0
Rules: Pyaar Ka Superhit Formula,2003,1,0
Chase,2010,14,0
Aakraman,1975,0,0
Saheb Biwi Aur Gangster,2011,40,0
Roti,1974,7,0
Jhoom Barabar Jhoom,2007,27,26
Happy Ending (film),2014,12,57
A Flying Jatt,2016,62,4
Bandhan,1998,142,29
Road to Sangam,2010,4,0
Masterji,1985,0,26
Gangvaa,1984,4,1
Jhoota Kahin Ka,1979,19,5
Kismat,2004,16,3
Cinema Cinema,1979,133,10
